Date,Wordle Puzzle,Wordle Answer
2/01/2023,592,scold
1/31/2023,591,cross
1/30/2023,590,crave
1/29/2023,589,fishy
1/28/2023,588,flirt
1/27/2023,587,worry
1/26/2023,586,beefy
1/25/2023,585,maize
1/24/2023,584,count
1/23/2023,583,elude
1/22/2023,582,matey
1/21/2023,581,blurb
1/20/2023,580,alter
1/19/2023,579,mucky
1/18/2023,578,chard
1/17/2023,577,adopt
1/16/2023,576,frock
1/15/2023,575,spire
1/14/2023,574,koala
1/13/2023,573,human
1/12/2023,572,leapt
1/11/2023,571,sedan
1/10/2023,570,grimy
1/9/2023,569,pixie
1/8/2023,568,opera
1/7/2023,567,lemon
1/6/2023,566,belie
1/5/2023,565,sleek
1/4/2023,564,layer
1/3/2023,563,antic
1/2/2023,562,skirt
1/1/2023,561,whine
12/31/2022,560,manly
12/30/2022,559,molar
12/29/2022,558,havoc
12/28/2022,557,impel
12/27/2022,556,condo
12/26/2022,555,judge
12/25/2022,554,extra
12/24/2022,553,poise
12/23/2022,552,aorta
12/22/2022,551,excel
12/21/2022,550,lunar
12/20/2022,549,third
12/19/2022,548,slate
12/18/2022,547,taper
12/17/2022,546,chord
12/16/2022,545,probe
12/15/2022,544,rival
12/14/2022,543,usual
12/13/2022,542,spoke
12/12/2022,541,apply
12/11/2022,540,naive
12/10/2022,539,knock
12/9/2022,538,braid
12/8/2022,537,infer
12/7/2022,536,joust
12/6/2022,535,amber
12/5/2022,534,woken
12/4/2022,533,adore
12/3/2022,532,torso
12/2/2022,531,chafe
12/1/2022,530,eject
11/30/2022,529,study
11/29/2022,528,undue
11/28/2022,527,tepid
11/27/2022,526,happy
11/26/2022,525,clean
11/25/2022,524,itchy
11/24/2022,523,feast
11/23/2022,522,drive
11/22/2022,521,prime
11/21/2022,520,axiom
11/20/2022,519,brave
11/19/2022,518,avert
11/18/2022,517,glyph
11/17/2022,516,there
11/16/2022,515,baker
11/15/2022,514,snarl
11/14/2022,513,maple
11/13/2022,512,inane
11/12/2022,511,valet
11/11/2022,510,medal
11/10/2022,509,unite
11/9/2022,508,rainy
11/8/2022,507,spell
11/7/2022,506,begin
11/6/2022,505,stale
11/5/2022,504,dream
11/4/2022,503,photo
11/3/2022,502,aloud
11/2/2022,501,inept
11/1/2022,500,piney
10/31/2022,499,aptly
10/30/2022,498,waltz
10/29/2022,497,libel
10/28/2022,496,sneak
10/27/2022,495,carry
10/26/2022,494,flout
10/25/2022,493,foggy
10/24/2022,492,fault
10/23/2022,491,mummy
10/22/2022,490,spiel
10/21/2022,489,grove
10/20/2022,488,denim
10/19/2022,487,quirk
10/18/2022,486,exist
10/17/2022,485,stein
10/16/2022,484,spade
10/15/2022,483,catch
10/14/2022,482,floor
10/13/2022,481,equal
10/12/2022,480,ionic
10/11/2022,479,valid
10/10/2022,478,enjoy
10/9/2022,477,howdy
10/8/2022,476,vigor
10/7/2022,475,dandy
10/6/2022,474,sloth
10/5/2022,473,marsh
10/4/2022,472,bough
10/3/2022,471,sting
10/2/2022,470,twine
10/1/2022,469,leave
9/30/2022,468,scorn
9/29/2022,467,scald
9/28/2022,466,usurp
9/27/2022,465,soggy
9/26/2022,464,brisk
9/25/2022,463,admit
9/24/2022,462,grate
9/23/2022,461,glory
9/22/2022,460,saint
9/21/2022,459,recap
9/20/2022,458,alike
9/19/2022,457,trice
9/18/2022,456,stick
9/17/2022,455,chute
9/16/2022,454,parer
9/15/2022,453,doubt
9/14/2022,452,thyme
9/13/2022,451,alpha
9/12/2022,450,booze
9/11/2022,449,tibia
9/10/2022,448,lofty
9/9/2022,447,theme
9/8/2022,446,class
9/7/2022,445,leery
9/6/2022,444,taunt
9/5/2022,443,whoop
9/4/2022,442,inter
9/3/2022,441,gully
9/2/2022,440,charm
9/1/2022,439,fungi
8/31/2022,438,prize
8/30/2022,437,onset
8/29/2022,436,chief
8/28/2022,435,gauze
8/27/2022,434,ruder
8/26/2022,433,irony
8/25/2022,432,clown
8/24/2022,431,needy
8/23/2022,430,woven
8/22/2022,429,merit
8/21/2022,428,waste
8/20/2022,427,treat
8/19/2022,426,shrug
8/18/2022,425,twang
8/17/2022,424,twice
8/16/2022,423,gruel
8/15/2022,422,poker
8/14/2022,421,khaki
8/13/2022,420,hunky
8/12/2022,419,label
8/11/2022,418,glean
8/10/2022,417,cling
8/9/2022,416,patty
8/8/2022,415,unfit
8/7/2022,414,smear
8/6/2022,413,alien
8/5/2022,412,buggy
8/4/2022,411,rhyme
8/3/2022,410,youth
8/2/2022,409,coyly
8/1/2022,408,quart
7/31/2022,407,cramp
7/30/2022,406,bluff
7/29/2022,405,upset
7/28/2022,404,stomp
7/27/2022,403,motto
7/26/2022,402,cinch
7/25/2022,401,elope
7/24/2022,400,power
7/23/2022,399,midge
7/22/2022,398,tryst
7/21/2022,397,aphid
7/20/2022,396,trite
7/19/2022,395,angry
7/18/2022,394,flock
7/17/2022,393,wacky
7/16/2022,392,roomy
7/15/2022,391,wedge
7/14/2022,390,liver
7/13/2022,389,bland
7/12/2022,388,night
7/11/2022,387,madam
7/10/2022,386,berth
7/9/2022,385,stead
7/8/2022,384,voice
7/7/2022,383,agape
7/6/2022,382,fluff
7/5/2022,381,field
7/4/2022,380,sever
7/3/2022,379,lilac
7/2/2022,378,egret
7/1/2022,377,pinto
6/30/2022,376,hutch
6/29/2022,375,gawky
6/28/2022,374,droll
6/27/2022,373,retro
6/26/2022,372,rusty
6/25/2022,371,beady
6/24/2022,370,smite
6/23/2022,369,brink
6/22/2022,368,awful
6/21/2022,367,gloat
6/20/2022,366,input
6/19/2022,365,loser
6/18/2022,364,cacao
6/17/2022,363,blown
6/16/2022,362,apron
6/15/2022,361,primo
6/14/2022,360,atone
6/13/2022,359,donor
6/12/2022,358,float
6/11/2022,357,goose
6/10/2022,356,piety
6/9/2022,355,girth
6/8/2022,354,trait
6/7/2022,353,flood
6/6/2022,352,gloom
6/5/2022,351,depth
6/4/2022,350,froth
6/3/2022,349,phase
6/2/2022,348,showy
6/1/2022,347,creak
5/31/2022,346,manor
5/30/2022,345,atoll
5/29/2022,344,bayou
5/28/2022,343,crept
5/27/2022,342,tiara
5/26/2022,341,asset
5/25/2022,340,vouch
5/24/2022,339,album
5/23/2022,338,hinge
5/22/2022,337,money
5/21/2022,336,scrap
5/20/2022,335,gamer
5/19/2022,334,glass
5/18/2022,333,scour
5/17/2022,332,being
5/16/2022,331,delve
5/15/2022,330,yield
5/14/2022,329,metal
5/13/2022,328,tipsy
5/12/2022,327,slung
5/11/2022,326,farce
5/10/2022,325,gecko
5/9/2022,324,shine
5/8/2022,323,canny
5/7/2022,322,midst
5/6/2022,321,badge
5/5/2022,320,homer
5/4/2022,319,train
5/3/2022,318,hairy
5/2/2022,317,story
5/1/2022,316,forgo
4/30/2022,315,larva
4/29/2022,314,trash
4/28/2022,313,zesty
4/27/2022,312,shown
4/26/2022,311,heist
4/25/2022,310,askew
4/24/2022,309,inert
4/23/2022,308,olive
4/22/2022,307,plant
4/21/2022,306,oxide
4/20/2022,305,cargo
4/19/2022,304,foyer
4/18/2022,303,flair
4/17/2022,302,ample
4/16/2022,301,cheek
4/15/2022,300,shame
4/14/2022,299,mince
4/13/2022,298,chunk
4/12/2022,297,royal
4/11/2022,296,squad
4/10/2022,295,black
4/9/2022,294,stair
4/8/2022,293,scare
4/7/2022,292,foray
4/6/2022,291,comma
4/5/2022,290,natal
4/4/2022,289,shawl
4/3/2022,288,fewer
4/2/2022,287,trope
4/1/2022,286,snout
3/31/2022,285,lowly
3/30/2022,284,stove
3/29/2022,283,shall
3/28/2022,282,found
3/27/2022,281,nymph
3/26/2022,280,epoxy
3/25/2022,279,depot
3/24/2022,278,chest
3/23/2022,277,purge
3/22/2022,276,slosh
3/21/2022,275,their
3/20/2022,274,renew
3/19/2022,273,allow
3/18/2022,272,saute
3/17/2022,271,movie
3/16/2022,270,cater
3/15/2022,269,tease
3/14/2022,268,smelt
3/13/2022,267,focus
3/12/2022,266,today
3/11/2022,265,watch
3/10/2022,264,lapse
3/9/2022,263,month
3/8/2022,262,sweet
3/7/2022,261,hoard
3/6/2022,260,cloth
3/5/2022,259,brine
3/4/2022,258,ahead
3/3/2022,257,mourn
3/2/2022,256,nasty
3/1/2022,255,rupee
2/28/2022,254,choke
2/27/2022,253,chant
2/26/2022,252,spill
2/25/2022,251,vivid
2/24/2022,250,bloke
2/23/2022,249,trove
2/22/2022,248,thorn
2/21/2022,247,other
2/20/2022,246,tacit
2/19/2022,245,swill
2/18/2022,244,dodge
2/17/2022,243,shake
2/16/2022,242,caulk
2/15/2022,241,aroma
2/14/2022,240,cynic
2/13/2022,239,robin
2/12/2022,238,ultra
2/11/2022,237,ulcer
2/10/2022,236,pause
2/9/2022,235,humor
2/8/2022,234,frame
2/7/2022,233,elder
2/6/2022,232,skill
2/5/2022,231,aloft
2/4/2022,230,pleat
2/3/2022,229,shard
2/2/2022,228,moist
2/1/2022,227,those
1/31/2022,226,light
1/30/2022,225,wrung
1/29/2022,224,could
1/28/2022,223,perky
1/27/2022,222,mount
1/26/2022,221,whack
1/25/2022,220,sugar
1/24/2022,219,knoll
1/23/2022,218,crimp
1/22/2022,217,wince
1/21/2022,216,prick
1/20/2022,215,robot
1/19/2022,214,point
1/18/2022,213,proxy
1/17/2022,212,shire
1/16/2022,211,solar
1/15/2022,210,panic
1/14/2022,209,tangy
1/13/2022,208,abbey
1/12/2022,207,favor
1/11/2022,206,drink
1/10/2022,205,query
1/9/2022,204,gorge
1/8/2022,203,crank
1/7/2022,202,slump
1/6/2022,201,banal
1/5/2022,200,tiger
1/4/2022,199,siege
1/3/2022,198,truss
1/2/2022,197,boost
1/1/2022,196,rebus
12/31/2021,195,unify
12/30/2021,194,troll
12/29/2021,193,tapir
12/28/2021,192,aside
12/27/2021,191,ferry
12/26/2021,190,acute
12/25/2021,189,picky
12/24/2021,188,weary
12/23/2021,187,gripe
12/22/2021,186,craze
12/21/2021,185,pluck
12/20/2021,184,brake
12/19/2021,183,baton
12/18/2021,182,champ
12/17/2021,181,peach
12/16/2021,180,using
12/15/2021,179,trace
12/14/2021,178,vital
12/13/2021,177,sonic
12/12/2021,176,masse
12/11/2021,175,conic
12/10/2021,174,viral
12/9/2021,173,rhino
12/8/2021,172,break
12/7/2021,171,triad
12/6/2021,170,epoch
12/5/2021,169,usher
12/4/2021,168,exult
12/3/2021,167,grime
12/2/2021,166,cheat
12/1/2021,165,solve
11/30/2021,164,bring
11/29/2021,163,prove
11/28/2021,162,store
11/27/2021,161,tilde
11/26/2021,160,clock
11/25/2021,159,wrote
11/24/2021,158,retch
11/23/2021,157,perch
11/22/2021,156,rouge
11/21/2021,155,radio
11/20/2021,154,surer
11/19/2021,153,finer
11/18/2021,152,vodka
11/17/2021,151,heron
11/16/2021,150,chill
11/15/2021,149,gaudy
11/14/2021,148,pithy
11/13/2021,147,smart
11/12/2021,146,badly
11/11/2021,145,rogue
11/10/2021,144,group
11/9/2021,143,fixer
11/8/2021,142,groin
11/7/2021,141,duchy
11/6/2021,140,coast
11/5/2021,139,blurt
11/4/2021,138,pulpy
11/3/2021,137,altar
11/2/2021,136,great
11/1/2021,135,briar
10/31/2021,134,click
10/30/2021,133,gouge
10/29/2021,132,world
10/28/2021,131,erode
10/27/2021,130,boozy
10/26/2021,129,dozen
10/25/2021,128,fling
10/24/2021,127,growl
10/23/2021,126,abyss
10/22/2021,125,steed
10/21/2021,124,enema
10/20/2021,123,jaunt
10/19/2021,122,comet
10/18/2021,121,tweed
10/17/2021,120,pilot
10/16/2021,119,dutch
10/15/2021,118,belch
10/14/2021,117,ought
10/13/2021,116,dowry
10/12/2021,115,thumb
10/11/2021,114,hyper
10/10/2021,113,hatch
10/9/2021,112,alone
10/8/2021,111,motor
10/7/2021,110,aback
10/6/2021,109,guild
10/5/2021,108,kebab
10/4/2021,107,spend
10/3/2021,106,fjord
10/2/2021,105,essay
10/1/2021,104,spray
9/30/2021,103,spicy
9/29/2021,102,agate
9/28/2021,101,salad
9/27/2021,100,basic
9/26/2021,99,moult
9/25/2021,98,corny
9/24/2021,97,forge
9/23/2021,96,civic
9/22/2021,95,islet
9/21/2021,94,labor
9/20/2021,93,gamma
9/19/2021,92,lying
9/18/2021,91,audit
9/17/2021,90,round
9/16/2021,89,loopy
9/15/2021,88,lusty
9/14/2021,87,golem
9/13/2021,86,goner
9/12/2021,85,greet
9/11/2021,84,start
9/10/2021,83,lapel
9/9/2021,82,biome
9/8/2021,81,parry
9/7/2021,80,shrub
9/6/2021,79,front
9/5/2021,78,wooer
9/4/2021,77,totem
9/3/2021,76,flick
9/2/2021,75,delta
9/1/2021,74,bleed
8/31/2021,73,argue
8/30/2021,72,swirl
8/29/2021,71,error
8/28/2021,70,agree
8/27/2021,69,offal
8/26/2021,68,flume
8/25/2021,67,crass
8/24/2021,66,panel
8/23/2021,65,stout
8/22/2021,64,bribe
8/21/2021,63,drain
8/20/2021,62,yearn
8/19/2021,61,print
8/18/2021,60,seedy
8/17/2021,59,ivory
8/16/2021,58,belly
8/15/2021,57,stand
8/14/2021,56,first
8/13/2021,55,forth
8/12/2021,54,booby
8/11/2021,53,flesh
8/10/2021,52,unmet
8/9/2021,51,linen
8/8/2021,50,maxim
8/7/2021,49,pound
8/6/2021,48,mimic
8/5/2021,47,spike
8/4/2021,46,cluck
8/3/2021,45,crate
8/2/2021,44,digit
8/1/2021,43,repay
7/31/2021,42,sower
7/30/2021,41,crazy
7/29/2021,40,adobe
7/28/2021,39,outdo
7/27/2021,38,trawl
7/26/2021,37,whelp
7/25/2021,36,unfed
7/24/2021,35,paper
7/23/2021,34,staff
7/22/2021,33,croak
7/21/2021,32,helix
7/20/2021,31,floss
7/19/2021,30,pride
7/18/2021,29,batty
7/17/2021,28,react
7/16/2021,27,marry
7/15/2021,26,abase
7/14/2021,25,colon
7/13/2021,24,stool
7/12/2021,23,crust
7/11/2021,22,fresh
7/10/2021,21,death
7/9/2021,20,major
7/8/2021,19,feign
7/7/2021,18,abate
7/6/2021,17,bench
7/5/2021,16,quiet
7/4/2021,15,grade
7/3/2021,14,stink
7/2/2021,13,karma
7/1/2021,12,model
6/30/2021,11,dwarf
6/29/2021,10,heath
6/28/2021,9,serve
6/27/2021,8,naval
6/26/2021,7,evade
6/25/2021,6,focal
6/24/2021,5,blush
6/23/2021,4,awake
6/22/2021,3,humph
6/21/2021,2,sissy
6/20/2021,1,rebut
6/19/2021,0,cigar