,max,average,median
aback,1108,529.9429237041351,348.0
abase,557,208.67559697146186,165.0
abate,571,211.33197437390797,198.0
abbey,376,200.79499126383226,181.0
abbot,484,233.306348281887,219.0
abhor,292,126.65637740244613,96.0
abide,216,102.71811298776936,94.0
abled,288,111.57425742574257,74.0
abode,229,104.07280139778683,88.0
abort,261,100.07513104251602,60.0
about,282,129.48922539312755,89.0
above,256,129.41584158415841,106.0
abuse,200,93.40186371578335,69.0
abyss,742,336.6371578334304,185.0
acorn,248,93.30984274898078,57.0
acrid,264,108.22888759464182,68.0
actor,232,84.69598136284216,63.0
acute,180,78.90564938846826,61.0
adage,689,269.7157833430402,226.0
adapt,828,331.41234711706466,209.0
adept,227,102.17880023296448,67.0
admin,363,160.21258008153757,99.0
admit,331,138.72976121141525,83.0
adobe,229,104.4059405940594,88.0
adopt,300,123.91671520093186,76.0
adore,191,70.68433313919627,55.0
adorn,247,101.80139778683751,76.0
adult,289,109.6266744321491,91.0
affix,667,421.3412929528247,488.0
afire,175,76.79732090856145,71.0
afoot,686,288.2283051834595,157.0
afoul,277,132.33721607454862,100.0
after,231,86.42108328479907,71.0
again,849,330.2259755387303,178.0
agape,679,271.69656377402447,210.0
agate,561,206.30110658124636,192.0
agent,230,94.09376820034944,63.0
agile,198,80.66686080372743,53.0
aging,514,253.899242865463,161.0
aglow,380,170.0308677926616,130.0
agony,347,146.61910308677926,87.0
agree,567,206.09609784507862,103.0
ahead,627,265.49912638322655,147.0
aider,165,72.3185789167152,65.0
aisle,144,56.21258008153757,48.0
alarm,595,250.71228887594643,180.0
album,445,188.32556785090273,117.0
alert,158,56.21840419336051,43.0
algae,576,213.8549796156086,186.0
alibi,699,285.63308095515436,145.0
alien,166,62.09493302271404,43.0
align,327,123.03960396039604,95.0
alike,202,83.90273733255678,51.0
alive,229,91.9889341875364,62.0
allay,1399,647.8532323820617,473.0
alley,376,172.00757134536983,167.0
allot,484,191.41467676179383,109.0
allow,623,296.76295864880603,262.0
alloy,529,236.37682003494467,132.0
aloft,294,112.31741409435061,80.0
alone,143,59.48806057076296,40.0
along,305,118.11473500291206,81.0
aloof,710,292.68433313919627,181.0
aloud,252,111.17355853232382,88.0
alpha,838,351.38089691322074,264.0
altar,456,173.7029702970297,108.0
alter,158,54.23354688410017,43.0
amass,1498,703.1374490390216,494.0
amaze,785,357.2335468841002,288.0
amber,275,110.08561444379733,81.0
amble,290,115.10133954571928,64.0
amend,265,114.57833430401864,63.0
amiss,585,260.01863715783344,146.0
amity,312,128.78334304018637,94.0
among,387,167.7897495631916,85.0
ample,274,105.94234129295282,63.0
amply,464,187.8456610366919,107.0
amuse,204,92.76004659289458,69.0
angel,241,90.40011648223646,74.0
anger,229,85.74315666860804,71.0
angle,241,89.2085032032615,60.0
angry,300,131.65346534653466,100.0
angst,323,116.38846825859056,60.0
anime,181,82.79848573092603,75.0
ankle,242,93.61968549796156,62.0
annex,528,263.3179965055329,319.0
annoy,529,249.04018637157833,248.0
annul,555,233.2207338380897,153.0
anode,190,80.2090856144438,61.0
antic,279,108.25101921956902,87.0
anvil,347,142.56785090273732,108.0
aorta,553,187.43098427489807,117.0
apart,652,243.08211997670355,112.0
aphid,359,166.16016307513104,101.0
aping,369,159.70937682003495,88.0
apnea,566,218.4152591729761,155.0
apple,393,165.5602795573675,91.0
apply,631,286.75888177052997,165.0
apron,243,100.44088526499709,100.0
aptly,336,128.96156086196854,92.0
arbor,603,262.6488060570763,149.0
ardor,560,238.61269656377402,144.0
arena,450,157.28887594641816,102.0
argue,191,84.12288875946417,66.0
arise,113,47.434478741991846,42.0
armor,596,254.72568433313918,146.0
aroma,689,254.33372160745486,171.0
arose,142,50.799650553290626,35.0
array,1399,568.4187536400699,348.0
arrow,623,279.80489225393126,262.0
arson,200,73.29702970297029,78.0
artsy,217,77.20151426907397,73.0
ascot,252,98.53989516598719,73.0
ashen,196,82.5154338963308,67.0
aside,156,74.56435643564356,63.0
askew,297,138.4478741991846,123.0
assay,1399,643.608619685498,401.0
asset,367,147.52475247524754,111.0
atoll,484,194.1322073383809,120.0
atone,153,61.490390215492134,53.0
attic,541,243.19569015725102,135.0
audio,330,136.88351776354105,151.0
audit,279,117.99359347699476,72.0
augur,567,246.94874781595806,247.0
aunty,289,116.3197437390798,80.0
avail,827,336.1892836342458,250.0
avert,253,93.94700058241118,69.0
avian,890,362.00757134536985,205.0
avoid,339,165.87361677344205,124.0
await,807,308.7757716948165,205.0
awake,757,327.4839836924869,284.0
award,869,368.9435061153174,316.0
aware,599,214.42516016307513,178.0
awash,965,410.6144437973209,265.0
awful,430,200.76004659289458,164.0
awoke,229,122.3290623179965,117.0
axial,875,372.38788584740826,268.0
axiom,363,193.97379149679674,230.0
axion,335,160.1193942923704,126.0
azure,228,105.64997087944089,86.0
bacon,354,134.68666278392544,106.0
badge,325,132.4839836924869,92.0
badly,469,180.1426907396622,94.0
bagel,290,109.77460687245195,84.0
baggy,742,372.9976703552708,347.0
baker,284,109.70122306348281,87.0
baler,228,76.88118811881188,63.0
balmy,497,198.3080955154339,105.0
banal,777,304.97437390797904,177.0
banjo,440,203.6033779848573,218.0
barge,270,95.93651718112987,79.0
baron,265,98.7239370995923,85.0
basal,732,288.68841001747234,153.0
basic,290,118.65637740244613,104.0
basil,280,102.99883517763541,82.0
basin,284,107.44379732090856,88.0
basis,586,249.79499126383226,181.0
baste,214,77.4717530576587,55.0
batch,442,169.1968549796156,99.0
bathe,250,97.71986022131625,73.0
baton,307,113.53465346534654,87.0
batty,742,321.57483983692487,198.0
bawdy,551,250.6377402446127,118.0
bayou,313,149.65346534653466,155.0
beach,291,123.05241700640653,87.0
beady,279,127.93535235876529,108.0
beard,270,96.96272568433314,69.0
beast,214,78.05649388468258,57.0
beech,1027,422.87012230634826,173.0
beefy,1109,490.28130460104836,464.0
befit,342,145.2085032032615,93.0
began,300,130.00291205591148,74.0
begat,262,114.25334886429819,68.0
beget,917,355.7437390797903,153.0
begin,358,149.834012813046,82.0
begun,407,177.34478741991848,102.0
being,358,147.44729178800233,66.0
belch,369,150.9662201514269,80.0
belie,777,272.5282469423413,153.0
belle,1515,663.7647058823529,341.0
belly,600,305.17996505532903,204.0
below,337,149.34478741991848,129.0
bench,367,154.36866627839254,89.0
beret,679,243.3191613278975,151.0
berry,600,284.8870122306348,182.0
berth,318,117.60104834012813,103.0
beset,772,271.7524752475247,139.0
betel,743,270.9254513686663,258.0
bevel,1016,439.4752475247525,300.0
bezel,1078,483.15958066394876,314.0
bible,451,188.76121141525917,148.0
bicep,329,136.64472917880022,92.0
biddy,853,439.7903319743739,267.0
bigot,434,166.83925451368665,130.0
bilge,332,128.58532323820617,102.0
billy,853,386.703552708212,207.0
binge,358,142.185789167152,76.0
bingo,496,205.5369831100757,161.0
biome,252,115.1316249271986,110.0
birch,422,168.3488642981945,74.0
birth,370,141.45428072218988,71.0
bison,358,133.74781595806638,100.0
bitty,853,381.83110075713455,215.0
black,509,203.52999417588816,88.0
blade,288,100.8683750728014,59.0
blame,290,108.26150262085032,75.0
bland,394,140.36517181129878,94.0
blank,446,171.8153756552126,129.0
blare,228,73.49854397204426,46.0
blast,312,103.65579499126383,52.0
blaze,341,140.3197437390798,93.0
bleak,302,142.72160745486315,111.0
bleat,213,90.99417588817705,59.0
bleed,903,356.40943506115315,141.0
bleep,910,360.55387303436225,226.0
blend,342,134.82644146767618,92.0
bless,593,252.76354105998834,156.0
blimp,543,224.68666278392544,103.0
blind,479,179.13628421665695,71.0
blink,507,202.96971461852067,125.0
bliss,777,307.73092603377984,199.0
blitz,518,220.84391380314503,176.0
bloat,296,107.02446126965637,69.0
block,546,228.06930693069307,157.0
bloke,318,132.62958648806057,104.0
blond,454,170.61094933022713,117.0
blood,903,405.51019219569014,168.0
bloom,939,435.64589400116483,279.0
blown,496,203.7897495631916,131.0
bluer,275,101.61153174140944,76.0
bluff,865,458.49213744903903,257.0
blunt,382,146.92079207920793,152.0
blurb,536,265.7897495631916,228.0
blurt,308,126.24635993011066,67.0
blush,467,182.30460104834012,95.0
board,320,117.75713453698312,74.0
boast,292,98.32090856144438,79.0
bobby,986,579.2265579499126,986.0
boney,269,120.42341292952824,109.0
bongo,1004,484.56610366919045,226.0
bonus,444,169.72218986604543,89.0
booby,1399,788.7973209085615,1399.0
boost,772,312.65812463599303,127.0
booth,918,416.88468258590564,161.0
booty,856,388.03436225975537,204.0
booze,813,393.6080372743157,419.0
boozy,1211,675.1007571345369,1211.0
borax,376,173.417006406523,118.0
borne,263,88.62842166569598,64.0
bosom,913,437.88293535235874,358.0
bossy,872,385.934769947583,228.0
botch,527,208.7926616191031,89.0
bough,598,255.28305183459523,120.0
boule,266,103.85032032615027,77.0
bound,539,209.73150844496215,103.0
bowel,337,140.88817705299942,115.0
boxer,384,165.48456610366918,113.0
brace,257,83.08270238788585,44.0
braid,288,114.4839836924869,110.0
brain,243,91.4729178800233,76.0
brake,284,102.75888177053,77.0
brand,327,118.73791496796738,78.0
brash,288,109.55794991263832,75.0
brass,587,222.98369248689576,165.0
brave,318,112.03785672684916,83.0
bravo,368,148.40244612696563,120.0
brawl,358,137.77344205008737,84.0
brawn,365,142.648223645894,99.0
bread,270,106.64123471170646,74.0
break,284,120.44088526499709,103.0
breed,827,327.18229470005826,173.0
briar,586,236.27023878858475,146.0
bribe,398,163.06930693069307,146.0
brick,460,188.95340710541643,99.0
bride,301,107.61269656377402,105.0
brief,315,124.26499708794408,76.0
brine,247,83.64414676761794,50.0
bring,416,164.8357600465929,108.0
brink,423,170.7914967967385,108.0
briny,343,131.44379732090857,102.0
brisk,371,149.04775771694815,145.0
broad,320,128.49330227140362,81.0
broil,275,103.07454863133373,76.0
broke,329,123.45661036691905,123.0
brood,827,369.1939429237041,138.0
brook,878,410.35818287711123,355.0
broom,838,381.74082702387886,152.0
broth,394,143.36342457775189,80.0
brown,458,186.16948165404776,107.0
brunt,347,129.35643564356437,80.0
brush,412,158.82993593476994,113.0
brute,290,98.09609784507863,65.0
buddy,974,522.2894583576004,210.0
budge,444,192.5061153174141,157.0
buggy,974,531.8782760629005,210.0
bugle,371,149.82119976703552,109.0
build,491,188.45835760046592,97.0
built,401,140.35818287711123,82.0
bulge,371,151.24810716365755,117.0
bulky,623,284.21141525917295,137.0
bully,974,464.849737914968,241.0
bunch,581,244.30227140361094,110.0
bunny,974,467.4647641234712,210.0
burly,365,162.34769947582993,110.0
burnt,347,133.62434478741991,64.0
burst,360,134.20442632498543,52.0
bused,331,136.24053581828773,107.0
bushy,550,238.1997670355271,144.0
butch,594,249.96214327315084,110.0
butte,619,267.8910891089109,207.0
buxom,740,376.07163657542225,237.0
buyer,287,123.73267326732673,106.0
bylaw,503,218.3861386138614,133.0
cabal,859,346.5107746068725,140.0
cabby,657,308.55562026790915,172.0
cabin,344,128.10658124635992,89.0
cable,270,92.2195690157251,49.0
cacao,1234,545.1415259172976,355.0
cache,412,184.2422830518346,166.0
cacti,491,208.72859638905067,145.0
caddy,657,295.4962143273151,172.0
cadet,211,74.59813628421665,57.0
cagey,221,101.28771112405359,110.0
cairn,231,78.93011065812463,45.0
camel,256,89.79673849737915,77.0
cameo,194,89.90273733255678,119.0
canal,685,250.41234711706466,115.0
candy,387,143.75596971461852,81.0
canny,657,270.48806057076297,148.0
canoe,174,65.58823529411765,46.0
canon,546,221.31158998252766,161.0
caper,242,82.66220151426907,63.0
caput,357,130.0215492137449,102.0
carat,607,210.37216074548633,102.0
cargo,286,106.18229470005824,79.0
carol,218,74.79615608619686,67.0
carry,657,247.899242865463,172.0
carve,289,97.35993011065813,80.0
caste,188,64.31275480489225,42.0
catch,643,274.5824111822947,186.0
cater,202,63.44612696563774,47.0
catty,657,263.114735002912,172.0
caulk,412,154.24519510774607,110.0
cause,186,71.21665695981363,48.0
cavil,377,142.8567268491555,100.0
cease,581,180.08503203261503,91.0
cedar,239,84.59813628421665,52.0
cello,471,204.7483983692487,146.0
chafe,298,124.09260337798486,78.0
chaff,721,354.21141525917295,327.0
chain,336,121.85963890506697,92.0
chair,265,97.45544554455445,54.0
chalk,477,185.37973209085615,81.0
champ,517,215.29470005824112,99.0
chant,359,121.89574839836925,60.0
chaos,322,121.35876528829354,90.0
chard,346,130.7146185206756,77.0
charm,380,150.2976121141526,87.0
chart,319,111.48806057076295,55.0
chase,227,88.11589982527664,53.0
chasm,433,166.9114735002912,80.0
cheap,276,132.3931275480489,134.0
cheat,242,105.07454863133373,54.0
check,673,388.5958066394875,548.0
cheek,1099,477.4915550378567,294.0
cheer,752,280.3214909726267,120.0
chess,623,294.38031450203846,144.0
chest,317,129.93069306930693,50.0
chick,921,470.81945253348863,247.0
chide,323,125.02562609202097,71.0
chief,358,151.592894583576,127.0
child,465,171.39138031450204,72.0
chili,819,346.1642399534071,146.0
chill,840,345.980198019802,194.0
chime,329,132.92079207920793,74.0
china,336,134.24752475247524,71.0
chirp,415,162.08211997670355,84.0
chock,923,477.0972626674432,269.0
choir,335,117.34478741991846,58.0
choke,340,152.61094933022713,154.0
chord,441,164.84857309260337,65.0
chore,277,96.85905649388468,94.0
chose,256,104.80780430984275,51.0
chuck,1038,570.6622015142691,1038.0
chump,683,310.8427489807804,123.0
chunk,636,279.3634245777519,130.0
churn,393,154.54222481071636,88.0
chute,339,127.86662783925452,83.0
cider,258,96.01223063482819,60.0
cigar,272,102.95806639487478,65.0
cinch,774,342.4135119394292,191.0
circa,399,187.185789167152,169.0
civic,1604,930.140361094933,1604.0
civil,904,416.3849737914968,292.0
clack,716,319.08211997670355,183.0
claim,340,123.42632498543972,78.0
clamp,448,167.9866045428072,82.0
clang,368,128.16715200931858,71.0
clank,402,146.47466511357018,82.0
clash,339,117.11881188118812,53.0
clasp,347,119.99359347699476,58.0
class,620,222.54688410017474,158.0
clean,212,81.1421083284799,60.0
clear,200,68.62026790914386,57.0
cleat,189,74.27781013395457,50.0
cleft,299,124.50262085032033,96.0
clerk,301,119.83284799068142,118.0
click,798,365.9767035527082,206.0
cliff,697,325.3838089691322,166.0
climb,514,203.57309260337797,99.0
cling,432,156.36983110075712,80.0
clink,465,175.89574839836925,111.0
cloak,353,140.33255678509028,80.0
clock,772,356.24985439720444,241.0
clone,219,76.7041351193943,51.0
close,189,71.87012230634828,44.0
cloth,381,135.5824111822947,67.0
cloud,412,148.6167734420501,77.0
clout,334,113.25626092020967,71.0
clove,308,119.95748398369248,74.0
clown,430,164.98252766453115,117.0
cluck,876,429.2294700058241,273.0
clued,317,111.4181712288876,72.0
clump,558,232.61211415259174,97.0
clung,471,182.51776354106,88.0
coach,560,244.34711706464765,183.0
coast,252,81.54746651135702,48.0
cobra,308,124.14851485148515,82.0
cocoa,1051,526.1974373907979,619.0
colon,685,273.18986604542806,122.0
color,553,222.40943506115318,115.0
comet,260,99.76645311589982,60.0
comfy,599,261.54164239953406,149.0
comic,712,322.3640069889342,211.0
comma,546,278.41584158415844,170.0
conch,772,341.1525917297612,174.0
condo,836,361.96039603960395,152.0
conic,643,261.18637157833433,139.0
copse,245,99.6359930110658,75.0
coral,218,80.43739079790332,61.0
corer,471,187.37157833430402,102.0
corny,324,117.7582993593477,68.0
couch,785,361.44496214327313,171.0
cough,549,219.71054164239953,96.0
could,412,146.86488060570764,75.0
count,389,130.1997670355271,70.0
coupe,269,114.49213744903902,73.0
court,321,108.5061153174141,64.0
coven,328,135.94816540477578,99.0
cover,321,124.08211997670355,80.0
covet,303,117.53348864298195,70.0
covey,288,144.71927781013395,144.0
cower,309,117.6488060570763,74.0
coyly,676,282.46359930110657,188.0
crack,606,267.8479906814211,249.0
craft,337,114.53640069889342,65.0
cramp,391,143.97495631916132,75.0
crane,207,60.304601048340125,41.0
crank,349,126.39895165987187,76.0
crash,296,102.88468258590565,72.0
crass,540,191.70180547466512,110.0
crate,202,58.120559114735,36.0
crave,289,96.26849155503785,61.0
crawl,312,114.06814210832847,70.0
craze,291,104.05765870704718,72.0
crazy,382,157.07338380896914,136.0
creak,266,106.47815958066396,67.0
cream,247,93.58940011648224,51.0
credo,288,106.41409435061153,57.0
creed,736,268.6575422248107,131.0
creek,812,318.63133372160746,191.0
creep,751,277.08095515433894,122.0
creme,759,278.4577751892836,152.0
crepe,751,274.7949912638323,155.0
crept,276,101.04659289458358,58.0
cress,510,192.02446126965637,135.0
crest,219,76.07396622015143,40.0
crick,677,307.44554455445547,202.0
cried,258,91.6930693069307,67.0
crier,483,179.41467676179383,98.0
crime,250,88.46651135701805,67.0
crimp,429,164.69598136284216,82.0
crisp,333,118.45602795573674,66.0
croak,314,123.94117647058823,84.0
crock,712,320.5090273733256,205.0
crone,229,73.30401863715784,43.0
crony,324,113.175888177053,68.0
crook,812,356.35061153174144,165.0
cross,640,233.99417588817704,168.0
croup,403,146.01456027955737,73.0
crowd,492,191.92719860221317,93.0
crown,415,156.26732673267327,73.0
crude,317,107.06057076295865,59.0
cruel,239,80.01339545719277,64.0
crumb,522,217.48806057076297,90.0
crump,501,203.54513686662784,94.0
crush,400,145.8153756552126,87.0
crust,328,107.56493884682585,48.0
crypt,361,136.8019801980198,92.0
cubic,824,391.61036691904485,306.0
cumin,493,188.7146185206756,70.0
curio,279,108.59813628421665,73.0
curly,296,130.35934769947582,76.0
curry,869,353.6022131624927,210.0
curse,238,82.35002912055911,41.0
curve,358,133.62783925451367,112.0
curvy,464,207.00698893418755,160.0
cutie,237,88.52591729761211,54.0
cyber,286,123.2527664531159,100.0
cycle,499,210.6272568433314,167.0
cynic,743,322.3179965055329,199.0
daddy,842,461.302271403611,396.0
daily,337,118.43739079790332,85.0
dairy,249,99.73150844496215,82.0
daisy,277,102.87070471753057,75.0
dally,703,301.95340710541643,149.0
dance,247,82.6156086196855,50.0
dandy,622,275.8334304018637,169.0
datum,365,144.713453698311,102.0
daunt,291,103.70122306348281,64.0
dealt,195,68.4944670937682,46.0
death,226,90.14036109493303,65.0
debar,270,103.55678509027373,66.0
debit,315,124.64006988934187,70.0
debug,444,206.01688992428655,122.0
debut,348,143.42981945253348,85.0
decal,247,94.38264414676762,66.0
decay,233,112.68083867210251,103.0
decor,288,100.98485730926033,64.0
decoy,290,130.36750145602795,105.0
decry,284,121.32847990681421,122.0
defer,847,342.7716948165405,277.0
deign,364,145.27955736750147,75.0
deity,256,110.63308095515434,80.0
delay,248,103.99475829935935,72.0
delta,195,78.56901572510192,64.0
delve,943,396.19219569015723,167.0
demon,302,130.92079207920793,92.0
demur,344,132.73325567850904,86.0
denim,320,135.8677926616191,88.0
dense,712,241.65230052417007,127.0
depot,280,108.24403028538148,66.0
depth,350,143.96097845078626,79.0
derby,354,149.93418753640069,132.0
deter,634,225.78858474082702,105.0
detox,351,156.77751892836343,122.0
deuce,906,328.843913803145,156.0
devil,373,150.55620267909143,114.0
diary,249,99.87128712871286,81.0
dicey,270,122.7810133954572,119.0
digit,853,384.5806639487478,144.0
dilly,857,374.60920209668024,218.0
dimly,510,205.35876528829354,105.0
diner,248,91.67909143855562,65.0
dingo,493,198.84391380314503,92.0
dingy,586,243.10017472335468,127.0
diode,348,168.73034362259756,163.0
dirge,298,107.78509027373326,111.0
dirty,336,127.63133372160746,102.0
disco,346,132.1520093185789,73.0
ditch,477,181.94933022714036,100.0
ditto,708,299.2620850320326,220.0
ditty,857,369.86837507280137,226.0
diver,338,137.71869539895167,98.0
dizzy,857,484.3867210250437,241.0
dodge,528,246.25917297612114,185.0
dodgy,851,425.68957483983695,236.0
dogma,420,193.990099009901,128.0
doing,493,184.37216074548633,91.0
dolly,842,359.6488060570763,228.0
donor,660,268.1747233546884,118.0
donut,399,138.45369831100757,72.0
dopey,306,137.9132207338381,109.0
doubt,489,186.824111822947,105.0
dough,546,221.67443214909727,99.0
dowdy,904,473.7419918462434,241.0
dowel,320,127.97961560861968,100.0
downy,564,236.5946418171229,136.0
dowry,496,206.67501456027955,123.0
dozen,372,164.10425160163075,117.0
draft,333,118.23937099592312,74.0
drain,239,87.93302271403611,77.0
drake,265,93.06406523005242,60.0
drama,802,313.0582411182295,195.0
drank,340,128.5072801397787,87.0
drape,247,81.85497961560861,53.0
drawl,329,124.55736750145603,72.0
drawn,345,132.72044263249853,96.0
dread,374,159.79906814210833,132.0
dream,259,100.33372160745486,69.0
dress,555,208.91904484566103,160.0
dried,398,167.42632498543972,100.0
drier,532,205.4082702387886,119.0
drift,407,151.62085032032616,71.0
drill,657,245.16016307513104,166.0
drink,426,167.442632498544,101.0
drive,338,123.58357600465929,113.0
droit,299,98.03669190448457,57.0
droll,682,246.52067559697147,168.0
drone,255,81.75247524752476,61.0
drool,592,239.81654047757718,127.0
droop,785,335.5410599883518,146.0
dross,682,253.77868375072802,168.0
drove,363,129.6138613861386,112.0
drown,444,174.2393709959231,103.0
druid,566,247.84100174723355,235.0
drunk,460,185.60803727431568,92.0
dryer,604,257.36808386721026,183.0
dryly,592,267.76587070471754,256.0
duchy,596,257.82003494467097,138.0
dully,941,427.3855562026791,173.0
dummy,941,499.3855562026791,173.0
dumpy,690,318.5701805474665,120.0
dunce,322,119.00698893418753,62.0
dusky,575,254.77868375072802,114.0
dusty,441,172.50145602795573,96.0
dutch,533,213.41351193942924,102.0
duvet,376,148.97320908561446,71.0
dwarf,445,192.12405358182878,212.0
dwell,732,351.45544554455444,164.0
dwelt,312,131.21782178217822,93.0
dying,586,242.0133954571928,111.0
eager,567,200.73907979033197,114.0
eagle,678,230.29062317996505,124.0
early,168,72.09959231217239,64.0
earth,206,76.52358765288294,54.0
easel,528,167.04659289458357,112.0
eaten,545,179.5503785672685,113.0
eater,469,151.77518928363423,101.0
ebony,357,148.10541642399534,92.0
eclat,207,81.49970879440885,58.0
edict,281,117.1642399534071,70.0
edify,407,199.00931857891672,116.0
eerie,763,303.6796738497379,192.0
egret,648,245.8800232964473,185.0
eight,316,141.5160163075131,74.0
eject,964,429.74082702387886,380.0
eking,377,188.3709959231217,123.0
elate,530,164.5486313337216,107.0
elbow,337,166.86138613861385,108.0
elder,592,226.69772859638906,125.0
elect,648,232.11531741409436,128.0
elegy,865,347.68782760629006,235.0
elfin,296,131.75480489225393,89.0
elide,743,259.78567268491554,147.0
elite,606,197.10599883517764,134.0
elope,720,253.8357600465929,136.0
elude,793,293.25509609784507,145.0
email,227,90.01456027955737,71.0
embed,1094,499.19277810133957,467.0
ember,838,353.7716948165405,330.0
emcee,1205,569.8066394874782,258.0
empty,380,181.9213744903902,131.0
enact,207,79.5486313337216,53.0
endow,345,173.17938264414676,115.0
enema,677,277.69539895165985,204.0
enemy,893,370.81887012230635,275.0
enjoy,415,195.10366919044844,135.0
ennui,484,250.5165987186954,277.0
ensue,726,264.34595224228303,231.0
enter,526,194.21083284799067,176.0
entry,190,94.26849155503785,101.0
envoy,382,172.53756552125802,129.0
epoch,362,161.57775189283635,65.0
epoxy,448,225.8002329644729,150.0
equal,285,143.54047757716947,123.0
equip,417,214.50029120559114,182.0
erase,447,142.83925451368665,99.0
erect,607,212.2323820617356,164.0
erode,682,235.54338963308095,145.0
error,605,323.30168899242864,245.0
erupt,271,105.90273733255678,63.0
essay,435,212.10308677926616,182.0
ester,536,195.05765870704718,113.0
ether,650,246.29470005824112,139.0
ethic,301,136.7262667443215,92.0
ethos,304,121.97262667443215,81.0
etude,800,305.9504950495049,168.0
evade,807,328.72684915550377,188.0
event,828,339.12288875946416,249.0
every,804,355.93185789167154,344.0
evict,328,144.88817705299942,87.0
evoke,1040,459.3249854397204,281.0
exact,286,132.83692486895748,79.0
exalt,266,113.70471753057659,79.0
excel,960,427.17006406523006,304.0
exert,766,332.65463016889925,254.0
exile,875,353.2725684333139,204.0
exist,326,145.05940594059405,73.0
expel,1027,474.1077460687245,317.0
extol,295,140.07396622015142,112.0
extra,257,118.77635410599883,109.0
exult,322,157.88759464181712,114.0
eying,361,154.22306348281887,98.0
fable,308,116.28363424577752,64.0
facet,247,94.03785672684916,74.0
faint,334,116.59580663948748,78.0
fairy,267,113.41584158415841,88.0
faith,369,141.15142690739663,113.0
false,232,80.44787419918462,53.0
fancy,418,165.34711706464765,122.0
fanny,763,348.1555037856727,166.0
farce,263,87.33430401863716,78.0
fatal,779,313.8811881188119,191.0
fatty,763,343.63366336633663,198.0
fault,344,123.58707047175305,98.0
fauna,924,365.7379149679674,224.0
favor,363,152.26849155503785,154.0
feast,227,85.46592894583576,58.0
fecal,272,113.5171811298777,76.0
feign,382,162.3640069889342,104.0
fella,481,236.3284799068142,338.0
felon,256,107.66860803727431,89.0
femme,1566,794.7617938264415,547.0
femur,359,151.25043680838672,109.0
fence,914,349.90914385556204,184.0
feral,229,86.91496796738497,75.0
ferry,627,304.0215492137449,203.0
fetal,220,96.9452533488643,82.0
fetch,390,171.13046010483401,90.0
fetid,327,139.0011648223646,86.0
fetus,317,133.30401863715784,93.0
fever,942,420.7070471753058,293.0
fewer,931,401.68608037274316,300.0
fiber,315,131.27722772277227,111.0
ficus,469,193.77577169481654,116.0
field,350,144.35818287711123,91.0
fiend,364,155.8887594641817,72.0
fiery,237,116.0879440885265,129.0
fifth,752,368.6278392545137,225.0
fifty,695,341.9202096680256,246.0
fight,573,243.7128712871287,148.0
filer,237,95.24694234129295,82.0
filet,273,100.69947582993593,74.0
filly,908,426.7693651718113,219.0
filmy,555,239.21432731508446,157.0
filth,453,179.37856726849157,118.0
final,337,129.45428072218988,86.0
finch,562,231.14560279557367,110.0
finer,261,102.17763541059989,69.0
first,326,118.78567268491555,54.0
fishy,507,218.64239953407105,170.0
fixer,363,168.31275480489225,143.0
fizzy,908,546.0972626674433,908.0
fjord,596,280.52941176470586,265.0
flack,517,215.08037274315666,147.0
flail,618,274.7891671520093,271.0
flair,238,94.93826441467677,67.0
flake,310,126.31741409435061,88.0
flaky,528,221.46592894583577,125.0
flame,294,112.72160745486313,74.0
flank,450,180.8800232964473,133.0
flare,229,76.48747815958066,51.0
flash,376,140.64239953407105,83.0
flask,441,176.79382644146767,142.0
fleck,432,202.61327897495633,136.0
fleet,779,288.6062900407688,233.0
flesh,311,135.52300524170064,103.0
flick,590,254.63657542224811,144.0
flier,237,93.1980198019802,71.0
fling,535,217.40885264997087,112.0
flint,393,144.4478741991846,81.0
flirt,286,116.44088526499709,61.0
float,294,111.14676761793827,73.0
flock,550,237.7582993593477,182.0
flood,928,420.47815958066394,192.0
floor,654,281.6872451951077,259.0
flora,243,104.81828771112406,98.0
floss,778,324.44670937682,234.0
flour,323,126.93244030285382,104.0
flout,396,147.71520093185788,109.0
flown,504,212.009900990099,147.0
fluff,965,572.1619103086779,965.0
fluid,512,206.1764705882353,110.0
fluke,399,170.2976121141526,126.0
flume,383,155.9458357600466,118.0
flung,560,239.8258590564939,152.0
flunk,557,247.80489225393129,174.0
flush,484,194.08095515433897,106.0
flute,296,113.2853814793244,75.0
flyer,267,114.15433896330809,88.0
foamy,414,172.1193942923704,155.0
focal,334,136.87070471753057,92.0
focus,462,190.94758299359347,118.0
foggy,887,464.2737332556785,253.0
foist,368,126.07513104251602,82.0
folio,822,341.2882935352359,239.0
folly,887,406.612696563774,241.0
foray,283,121.51252184041934,105.0
force,293,103.80489225393127,87.0
forge,328,120.34420500873617,88.0
forgo,860,402.4117647058824,386.0
forte,263,89.31217239370996,76.0
forth,408,156.79965055329063,79.0
forty,372,147.51951077460689,108.0
forum,467,193.73150844496215,127.0
found,529,208.34536983110075,114.0
foyer,251,113.75946418171229,98.0
frail,238,93.95864880605707,70.0
frame,277,97.5719277810134,63.0
frank,383,152.94758299359347,108.0
fraud,340,136.64705882352942,114.0
freak,292,128.65754222481073,114.0
freed,847,341.66569598136283,227.0
freer,1566,701.9976703552708,383.0
fresh,303,122.61793826441468,86.0
friar,618,255.91904484566103,177.0
fried,311,119.86895748398369,80.0
frill,702,281.618520675597,188.0
frisk,409,168.6051252184042,142.0
fritz,485,209.76295864880606,154.0
frock,514,214.934769947583,158.0
frond,423,159.8118811881188,71.0
front,345,121.57658707047176,66.0
frost,330,115.45311589982528,72.0
froth,408,153.02912055911474,81.0
frown,470,194.28013977868375,118.0
froze,376,154.36750145602795,138.0
fruit,371,136.0774606872452,89.0
fudge,451,197.2073383808969,164.0
fugue,730,353.89691322073384,388.0
fully,1004,490.5864880605708,256.0
fungi,599,266.0646476412347,129.0
funky,672,315.8444962143273,154.0
funny,1004,494.1345369831101,210.0
furor,854,359.81362842166567,252.0
furry,1004,453.64414676761794,332.0
fussy,1004,485.1310425160163,271.0
fuzzy,1004,630.2690739662202,1004.0
gaffe,455,217.50902737332558,225.0
gaily,353,126.16948165404776,81.0
gamer,257,95.66394874781597,81.0
gamma,1496,798.7938264414677,380.0
gamut,406,158.62376237623764,106.0
gassy,734,311.944670937682,223.0
gaudy,437,185.0780430984275,109.0
gauge,334,168.5055329062318,136.0
gaunt,341,123.75131042516016,90.0
gauze,275,144.61793826441468,122.0
gavel,323,125.8899242865463,104.0
gawky,592,277.0267909143856,268.0
gayer,204,85.01397786837508,78.0
gayly,678,293.6854979615609,162.0
gazer,307,124.59697146185206,94.0
gecko,342,166.3954571927781,121.0
geeky,1093,471.7280139778684,358.0
geese,1045,446.8322655794991,332.0
genie,849,296.68608037274316,152.0
genre,694,259.2090856144438,162.0
ghost,449,162.4839836924869,70.0
ghoul,434,167.9912638322656,121.0
giant,318,107.11764705882354,62.0
giddy,860,441.6412347117065,259.0
gipsy,496,197.78509027373326,128.0
girly,292,129.7676179382644,104.0
girth,359,136.934769947583,70.0
given,407,172.36633663366337,118.0
giver,337,141.21549213744905,133.0
glade,280,97.68258590564939,55.0
gland,398,142.2090856144438,88.0
glare,210,69.07454863133373,50.0
glass,678,257.92952824694237,172.0
glaze,325,134.56785090273732,90.0
gleam,273,123.0990099009901,80.0
glean,241,98.00757134536983,65.0
glide,330,118.85556202679092,77.0
glint,365,129.3739079790332,64.0
gloat,275,98.22539312754805,70.0
globe,318,125.5381479324403,105.0
gloom,916,413.1729761211415,176.0
glory,305,126.66220151426907,97.0
gloss,738,294.2306348281887,193.0
glove,347,142.05183459522422,110.0
glyph,563,240.648223645894,137.0
gnash,390,142.71228887594643,75.0
gnome,322,135.4973791496797,102.0
godly,488,194.95340710541643,104.0
going,643,278.2644146767618,169.0
golem,295,119.11531741409435,116.0
golly,851,372.9464181712289,236.0
gonad,372,150.31158998252766,80.0
goner,269,97.87594641817122,67.0
goody,1032,496.899242865463,194.0
gooey,593,262.6523005241701,202.0
goofy,1099,552.3069306930693,226.0
goose,547,215.70879440885264,151.0
gorge,431,172.8456610366919,128.0
gouge,423,208.02853814793244,169.0
gourd,444,166.6156086196855,81.0
grace,241,78.22073383808969,43.0
grade,259,87.39836924868958,77.0
graft,353,128.0774606872452,76.0
grail,221,84.21374490390215,65.0
grain,243,93.37740244612696,79.0
grand,329,121.17355853232382,81.0
grant,262,88.80780430984275,63.0
grape,253,86.76587070471753,52.0
graph,357,139.0757134536983,79.0
grasp,306,113.56843331391963,72.0
grass,567,214.32731508444962,162.0
grate,217,65.94001164822365,48.0
grave,306,108.5282469423413,81.0
gravy,403,163.42283051834596,126.0
graze,307,117.19219569015725,84.0
great,217,76.76004659289458,49.0
greed,803,314.76761793826444,174.0
green,694,259.3203261502621,171.0
greet,648,230.18229470005824,119.0
grief,311,122.65637740244613,79.0
grill,660,253.45835760046592,180.0
grime,281,104.39196272568434,108.0
grimy,424,170.3313919627257,125.0
grind,425,163.61153174140944,65.0
gripe,279,102.29761211415259,110.0
groan,264,101.36924868957485,64.0
groin,332,118.15550378567268,79.0
groom,811,363.18986604542806,151.0
grope,306,106.63191613278975,75.0
gross,687,266.0978450786255,175.0
group,432,164.63424577751894,118.0
grout,346,120.82760629004076,68.0
grove,361,134.3605125218404,112.0
growl,373,155.45428072218988,114.0
grown,464,186.3861386138614,107.0
gruel,251,91.32498543972044,71.0
gruff,751,379.56610366919045,313.0
grunt,350,130.5946418171229,82.0
guard,330,128.0681421083285,88.0
guava,1109,496.21665695981363,314.0
guess,605,283.71811298776936,148.0
guest,289,117.56959813628421,61.0
guide,316,134.3488642981945,82.0
guild,488,185.62434478741991,92.0
guile,260,100.47582993593477,72.0
guilt,395,137.24694234129296,64.0
guise,254,102.40244612696564,55.0
gulch,533,217.49621432731507,85.0
gully,965,452.08211997670355,249.0
gumbo,652,307.2655794991264,255.0
gummy,965,528.0605707629586,205.0
guppy,965,511.91904484566106,205.0
gusto,407,154.72160745486315,126.0
gusty,463,185.02329644729178,121.0
gypsy,902,450.58008153756555,256.0
habit,346,130.87652882935353,82.0
hairy,217,93.29237041351195,77.0
halve,278,109.44263249854397,93.0
handy,392,155.22131624927198,100.0
happy,682,327.37041351193943,168.0
hardy,313,129.1747233546884,97.0
harem,232,87.10483401281304,69.0
harpy,319,133.09085614443796,100.0
harry,682,269.2283051834595,168.0
harsh,447,180.4630168899243,172.0
haste,207,76.29761211415259,54.0
hasty,342,130.20792079207922,110.0
hatch,591,260.5864880605708,216.0
hater,206,68.87070471753057,56.0
haunt,326,113.46010483401281,73.0
haute,188,79.87594641817122,58.0
haven,287,116.87303436225976,92.0
havoc,435,185.3401281304601,125.0
hazel,281,121.01747233546884,97.0
heady,253,112.64239953407106,92.0
heard,224,84.4385556202679,68.0
heart,206,70.34769947582994,42.0
heath,367,161.13919627256843,110.0
heave,808,309.5824111822947,169.0
heavy,290,139.52417006406523,109.0
hedge,1015,418.2201514269074,195.0
hefty,344,174.48048922539311,143.0
heist,251,92.54688410017472,46.0
helix,342,153.7268491555038,103.0
hello,478,219.2288875946418,149.0
hence,864,313.2504368083867,172.0
heron,224,85.22481071636575,64.0
hilly,803,348.5270821199767,217.0
hinge,320,127.47990681421084,85.0
hippo,679,325.53581828771115,240.0
hippy,803,396.25859056493886,262.0
hitch,699,315.0792079207921,180.0
hoard,269,102.18811881188118,79.0
hobby,808,407.99184624344787,240.0
hoist,358,116.65404775771695,67.0
holly,808,345.2387885847408,240.0
homer,273,109.17355853232382,74.0
honey,260,109.20267909143855,96.0
honor,624,256.5847408270239,139.0
horde,290,99.07105416423995,78.0
horny,322,126.64123471170646,99.0
horse,214,77.17472335468841,63.0
hotel,206,80.78800232964473,64.0
hotly,371,139.00815375655213,98.0
hound,475,177.38788584740826,109.0
house,249,97.18404193360513,69.0
hovel,299,128.44554455445544,116.0
hover,320,131.00232964472917,95.0
howdy,626,284.41991846243445,145.0
human,389,160.84158415841586,83.0
humid,558,232.9778683750728,115.0
humor,408,157.98078043098428,73.0
humph,1025,546.9924286546302,157.0
humus,901,456.64414676761794,327.0
hunch,817,384.8916715200932,224.0
hunky,591,263.1735585323238,158.0
hurry,907,385.3354688410017,208.0
husky,595,263.78509027373326,150.0
hussy,907,418.1665695981363,208.0
hutch,788,380.24694234129294,266.0
hydro,411,171.09318578916717,120.0
hyena,249,106.89167152009318,79.0
hymen,288,142.77285963890506,113.0
hyper,280,126.79382644146767,108.0
icily,770,332.87711124053584,207.0
icing,893,417.78509027373326,234.0
ideal,193,91.05358182877112,56.0
idiom,897,414.3308095515434,272.0
idiot,721,292.9219569015725,195.0
idler,220,89.1537565521258,82.0
idyll,857,394.3925451368666,213.0
igloo,773,331.50262085032034,251.0
iliac,620,246.30401863715784,170.0
image,218,104.42224810716365,87.0
imbue,310,154.90564938846825,141.0
impel,310,128.41642399534072,101.0
imply,507,218.05882352941177,180.0
inane,303,139.59638905066979,119.0
inbox,553,265.3424577751893,213.0
incur,320,121.97961560861968,77.0
index,399,185.6068724519511,123.0
inept,259,109.22597553873034,74.0
inert,200,73.52999417588818,52.0
infer,261,110.2743156668608,91.0
ingot,386,146.13803145020384,92.0
inlay,284,112.00640652300524,78.0
inlet,202,72.71927781013396,52.0
inner,398,171.8444962143273,130.0
input,421,159.6359930110658,106.0
inter,200,73.01630751310425,55.0
intro,253,96.11473500291206,76.0
ionic,750,303.9994175888177,183.0
irate,146,49.26790914385556,37.0
irony,272,99.22947000582411,67.0
islet,198,71.4950495049505,62.0
issue,417,202.60046592894582,175.0
itchy,448,187.19452533488644,138.0
ivory,357,155.44496214327316,115.0
jaunt,379,152.99534071054165,109.0
jazzy,834,525.7880023296448,394.0
jelly,683,379.51776354106,555.0
jerky,391,203.12230634828188,188.0
jetty,683,376.45835760046594,555.0
jewel,1100,508.3855562026791,349.0
jiffy,975,592.0104834012812,975.0
joint,445,166.53756552125802,102.0
joist,405,149.51252184041934,105.0
joker,362,166.3407105416424,121.0
jolly,981,485.64065230052415,271.0
joust,491,191.48456610366918,116.0
judge,503,239.88410017472336,177.0
juice,322,149.01630751310424,139.0
juicy,570,251.92603377984858,149.0
jumbo,748,395.98311007571345,283.0
jumpy,820,440.46884100174725,168.0
junta,379,178.29295282469423,117.0
junto,495,210.55387303436225,174.0
juror,945,431.8817705299942,285.0
kappa,1569,851.3989516598718,384.0
karma,852,370.85090273733255,200.0
kayak,1399,748.8811881188119,396.0
kebab,472,260.6825859056494,307.0
khaki,552,293.0995923121724,316.0
kinky,743,366.8485730926034,214.0
kiosk,560,250.11298776936516,203.0
kitty,886,408.6831683168317,221.0
knack,624,296.17414094350613,185.0
knave,340,141.95981362842167,102.0
knead,284,131.7792661619103,86.0
kneed,978,410.0087361677344,275.0
kneel,809,316.573092603378,273.0
knelt,243,109.7152009318579,99.0
knife,376,163.88293535235877,126.0
knock,750,366.8444962143273,200.0
knoll,863,365.9825276645312,210.0
known,1021,540.703552708212,283.0
koala,772,289.7926616191031,212.0
krill,677,271.52009318578916,188.0
label,467,194.990099009901,148.0
labor,252,93.31683168316832,84.0
laden,233,77.11648223645894,62.0
ladle,447,171.61444379732092,124.0
lager,210,73.29237041351195,66.0
lance,212,68.3407105416424,46.0
lanky,409,156.2207338380897,98.0
lapel,445,180.65171811298777,149.0
lapse,214,74.84274898078043,53.0
large,210,69.50902737332557,66.0
larva,665,290.5259172976121,140.0
lasso,486,189.40477577169483,148.0
latch,353,123.56377402446127,79.0
later,158,53.695398951659875,48.0
lathe,189,70.93593476994758,52.0
latte,393,136.97553873034363,116.0
laugh,384,146.71694816540477,114.0
layer,168,65.75596971461852,62.0
leach,236,92.08677926616191,68.0
leafy,257,112.4828188701223,78.0
leaky,254,112.29528246942341,78.0
leant,160,58.14385556202679,43.0
leapt,193,74.20675596971462,56.0
learn,169,58.066977285963894,44.0
lease,528,159.32906231799652,84.0
leash,182,73.35876528829354,56.0
least,163,57.39720442632498,44.0
leave,732,262.5527082119977,139.0
ledge,879,348.99242865463015,165.0
leech,819,309.0442632498544,132.0
leery,542,216.79848573092605,186.0
lefty,280,135.48107163657542,109.0
legal,455,211.80663948747815,141.0
leggy,499,256.03086779266164,174.0
lemon,231,100.84973791496797,96.0
lemur,251,101.11997670355271,102.0
leper,593,230.1327897495632,122.0
level,1604,759.2906231799651,534.0
lever,665,281.49388468258593,188.0
libel,538,231.48980780430983,167.0
liege,773,272.54863133372163,141.0
light,411,157.8887594641817,100.0
liken,287,109.45661036691905,80.0
lilac,541,232.79499126383226,132.0
limbo,433,181.7023878858474,146.0
limit,706,296.32556785090276,224.0
linen,451,173.51892836342458,139.0
liner,172,66.96505532906232,53.0
lingo,375,145.76412347117065,84.0
lipid,845,384.2172393709959,154.0
lithe,230,84.2743156668608,64.0
liver,253,103.50087361677345,100.0
livid,943,461.95864880605706,339.0
llama,1498,710.9848573092603,376.0
loamy,336,122.65404775771695,79.0
loath,275,92.31275480489225,68.0
lobby,679,326.50087361677345,215.0
local,546,230.41584158415841,143.0
locus,336,128.5713453698311,92.0
lodge,304,115.7140361094933,75.0
lofty,413,165.5055329062318,141.0
logic,373,143.03494467093768,120.0
login,375,138.27781013395457,96.0
loopy,856,371.82585905649387,183.0
loose,452,158.20209668025626,113.0
lorry,679,254.64181712288877,215.0
loser,159,61.51252184041934,55.0
louse,191,73.31217239370996,56.0
lousy,339,121.41001747233547,70.0
lover,264,104.37099592312173,93.0
lower,243,98.02038439138032,90.0
lowly,904,413.48223645894,241.0
loyal,529,231.22131624927198,140.0
lucid,424,161.69306930693068,112.0
lucky,548,240.3733255678509,137.0
lumen,288,110.6598718695399,96.0
lumpy,567,247.63249854397205,123.0
lunar,191,79.01630751310425,57.0
lunch,428,170.11473500291206,78.0
lunge,313,119.25975538730344,79.0
lupus,738,348.56493884682584,286.0
lurch,334,148.62842166569598,62.0
lurid,286,117.28305183459523,62.0
lusty,359,136.87303436225974,91.0
lying,452,174.97320908561446,109.0
lymph,565,254.83110075713455,137.0
lyric,249,116.79499126383226,111.0
macaw,1077,494.2626674432149,246.0
macho,412,170.05066977285964,122.0
macro,304,115.71869539895167,79.0
madam,1440,733.573092603378,374.0
madly,454,172.39429237041352,84.0
mafia,980,417.7722772277228,287.0
magic,403,165.9761211415259,116.0
magma,1496,800.1094933022714,380.0
maize,251,117.45894001164822,97.0
major,370,156.88118811881188,162.0
maker,272,105.61036691904485,83.0
mambo,603,308.7099592312172,302.0
mamma,1717,1044.3727431566685,1717.0
mammy,842,480.06290040768783,396.0
manga,986,425.8940011648224,233.0
mange,281,110.58532323820617,74.0
mango,387,158.70762958648805,118.0
mangy,476,194.6808386721025,108.0
mania,810,301.40244612696563,226.0
manic,343,131.54630168899243,99.0
manly,381,136.75888177053,85.0
manor,258,91.93651718112987,80.0
maple,274,98.64239953407106,60.0
march,380,143.6907396622015,92.0
marry,744,299.3430401863716,210.0
marsh,298,113.63482818870122,79.0
mason,304,110.28246942341293,98.0
masse,454,181.07396622015142,131.0
match,445,169.0116482236459,98.0
matey,191,92.08910891089108,100.0
mauve,282,128.97437390797904,107.0
maxim,667,363.6156086196855,359.0
maybe,281,127.30168899242865,110.0
mayor,287,108.76703552708211,85.0
mealy,248,101.41584158415841,65.0
meant,206,76.94641817122888,51.0
meaty,250,97.3308095515434,80.0
mecca,454,234.47932440302853,320.0
medal,275,110.51310425160163,62.0
media,217,113.52184041933604,134.0
medic,334,148.30343622597553,109.0
melee,1062,455.67617938264414,201.0
melon,231,97.74432149097262,78.0
mercy,273,124.54455445544555,137.0
merge,811,318.6831683168317,156.0
merit,220,80.41059988351776,58.0
merry,585,277.632498543972,185.0
metal,200,85.60920209668025,63.0
meter,642,232.75888177053,102.0
metro,233,90.11124053581828,70.0
micro,343,133.8013977868375,93.0
midge,388,162.60629004076878,139.0
midst,410,145.77344205008737,95.0
might,524,212.47117064647642,118.0
milky,531,227.57542224810717,167.0
mimic,1384,772.1391962725685,313.0
mince,282,109.5055329062318,58.0
miner,221,89.37390797903319,68.0
minim,1297,690.2778101339545,314.0
minor,314,111.53581828771112,65.0
minty,416,159.91555037856727,119.0
minus,423,161.33896330809552,95.0
mirth,350,135.85148514851485,67.0
miser,189,81.78858474082702,75.0
missy,853,376.81013395457194,256.0
mocha,412,184.4478741991846,90.0
modal,339,134.19510774606871,91.0
model,293,112.51776354105999,95.0
modem,521,244.12521840419336,171.0
mogul,489,196.0017472335469,124.0
moist,341,111.78159580663949,80.0
molar,240,90.90681421083285,76.0
moldy,490,200.41059988351776,100.0
money,279,118.72859638905067,117.0
month,451,167.95049504950495,73.0
moody,1033,500.00640652300524,186.0
moose,548,214.84857309260337,178.0
moral,240,92.81013395457192,76.0
moron,660,286.22539312754805,237.0
morph,454,183.30052417006405,85.0
mossy,866,383.3733255678509,237.0
motel,214,84.2859638905067,81.0
motif,445,179.78858474082702,140.0
motor,642,265.6948165404776,255.0
motto,1498,756.1223063482819,362.0
moult,371,132.19161327897496,89.0
mound,521,199.29120559114736,90.0
mount,423,150.11706464764123,92.0
mourn,372,139.6476412347117,81.0
mouse,258,104.56785090273733,73.0
mouth,492,190.62026790914385,107.0
mover,337,141.74781595806638,95.0
movie,279,134.20093185789167,130.0
mower,327,135.36342457775189,91.0
mucky,703,337.3529411764706,170.0
mucus,834,422.0320326150262,354.0
muddy,975,517.602795573675,201.0
mulch,545,226.48048922539311,93.0
mummy,1105,683.152009318579,1105.0
munch,584,245.5719277810134,99.0
mural,267,108.96505532906232,99.0
murky,515,238.66336633663366,139.0
mushy,563,241.01397786837506,137.0
music,444,180.02970297029702,128.0
musky,624,285.50087361677345,143.0
musty,486,194.54455445544554,122.0
myrrh,1001,449.7670355270821,353.0
nadir,239,89.47058823529412,82.0
naive,227,90.91729761211415,76.0
nanny,842,423.26790914385555,396.0
nasal,588,218.74315666860804,125.0
nasty,276,102.61211415259173,96.0
natal,571,217.43680838672103,143.0
naval,824,352.733255678509,294.0
navel,270,99.37041351193943,81.0
needy,882,345.40885264997087,292.0
neigh,320,133.21199767035526,98.0
nerdy,264,113.00815375655212,122.0
nerve,736,297.5614443797321,161.0
never,736,302.30984274898077,229.0
newer,727,289.114735002912,233.0
newly,305,140.36983110075712,112.0
nicer,214,82.06115317414094,59.0
niche,281,111.59988351776354,68.0
niece,748,249.11531741409436,153.0
night,469,181.33313919627255,123.0
ninja,663,372.6831683168317,524.0
ninny,983,514.8281887012231,298.0
ninth,752,316.0,205.0
noble,262,96.85439720442632,72.0
nobly,427,167.56726849155504,123.0
noise,190,66.60163075131042,44.0
noisy,315,108.10075713453698,77.0
nomad,352,146.1333721607455,90.0
noose,461,173.0978450786255,155.0
north,307,112.59114735002912,59.0
nosey,218,89.28188701223064,89.0
notch,436,162.6715200931858,84.0
novel,282,115.46592894583576,99.0
nudge,391,156.4618520675597,110.0
nurse,204,74.53290623179966,56.0
nutty,820,354.0599883517763,221.0
nylon,679,291.75364006988934,246.0
nymph,576,268.8835177635411,161.0
oaken,191,92.24053581828771,110.0
obese,759,277.7612114152592,254.0
occur,607,266.1636575422248,245.0
ocean,180,87.30984274898078,59.0
octal,248,98.49912638322655,75.0
octet,471,206.86429819452533,172.0
odder,431,196.60221316249272,166.0
oddly,679,324.23471170646474,240.0
offal,486,249.63424577751894,272.0
offer,431,206.2207338380897,166.0
often,272,114.6924868957484,84.0
olden,248,94.47815958066396,76.0
older,238,85.67443214909726,64.0
olive,241,107.23412929528247,71.0
ombre,316,125.8573092603378,132.0
omega,222,128.51892836342458,155.0
onion,1234,584.727431566686,301.0
onset,192,77.43447874199185,59.0
opera,178,84.62609202096681,65.0
opine,211,94.78217821782178,55.0
opium,433,189.01863715783344,145.0
optic,368,150.85323238206175,140.0
orbit,309,111.94234129295282,65.0
order,521,222.55794991263832,88.0
organ,264,107.17705299941758,83.0
other,240,90.84391380314501,67.0
otter,431,172.19510774606871,127.0
ought,477,193.7781013395457,97.0
ounce,244,102.04251601630752,62.0
outdo,800,347.01863715783344,238.0
outer,202,77.03494467093768,61.0
outgo,850,377.5154338963308,257.0
ovary,307,130.05765870704718,116.0
ovate,199,88.55736750145603,75.0
overt,284,111.42050087361677,82.0
ovine,256,120.13337216074548,102.0
ovoid,982,473.08910891089107,271.0
owing,524,223.7606290040769,140.0
owner,273,113.76295864880606,88.0
oxide,307,153.88410017472336,144.0
ozone,678,307.05183459522425,234.0
paddy,712,336.4560279557368,342.0
pagan,958,396.72917880023294,225.0
paint,294,97.64997087944089,59.0
paler,208,69.13744903902155,58.0
palsy,358,126.75189283634246,86.0
panel,220,74.6703552708212,57.0
panic,328,124.5282469423413,97.0
pansy,358,128.06581246359931,80.0
papal,1232,574.2376237623762,279.0
paper,374,147.65288293535235,110.0
parer,445,170.768782760629,126.0
parka,849,354.2929528246942,208.0
parry,712,281.71054164239956,155.0
parse,203,66.07746068724519,58.0
party,280,105.68375072801398,94.0
pasta,785,294.09143855562024,216.0
paste,211,75.53581828771112,56.0
pasty,341,129.21316249271987,100.0
patch,424,158.9778683750728,82.0
patio,207,100.18345952242284,72.0
patsy,341,124.16715200931858,79.0
patty,712,299.8712871287129,194.0
pause,204,83.32731508444962,58.0
payee,712,244.10658124635992,153.0
payer,205,83.27256843331392,71.0
peace,711,239.84915550378568,126.0
peach,276,114.81479324403028,91.0
pearl,208,70.43273150844496,47.0
pecan,245,98.12638322655795,73.0
pedal,265,103.69190448456611,65.0
penal,220,83.15725101921957,57.0
pence,853,306.76354105998837,160.0
penne,1468,615.7600465928946,262.0
penny,585,285.5090273733256,191.0
perch,347,131.7268491555038,67.0
peril,210,79.20966802562609,50.0
perky,334,151.5521258008154,141.0
pesky,371,179.7245195107746,128.0
pesto,231,98.02970297029702,68.0
petal,193,81.658124635993,58.0
petty,585,280.48223645894,191.0
phase,236,96.71578334304019,81.0
phone,266,107.36575422248107,62.0
phony,475,183.55678509027373,130.0
photo,892,391.27315084449623,188.0
piano,219,99.93302271403611,78.0
picky,592,262.6750145602796,153.0
piece,833,293.5334886429819,159.0
piety,288,118.66336633663366,105.0
piggy,838,421.4181712288876,257.0
pilot,309,109.17006406523005,58.0
pinch,504,194.95923121723936,101.0
piney,258,113.98311007571345,88.0
pinky,565,239.78392545136867,141.0
pinto,366,131.91788002329645,79.0
piper,398,175.1112405358183,166.0
pique,347,173.28072218986605,148.0
pitch,498,192.56901572510193,100.0
pithy,476,191.08037274315666,136.0
pivot,442,176.5818287711124,123.0
pixel,373,156.8800232964473,118.0
pixie,783,368.9912638322656,261.0
pizza,563,344.5282469423413,460.0
place,254,86.40361094933023,50.0
plaid,338,123.38322655794991,77.0
plain,298,102.33255678509028,72.0
plait,280,94.52125800815375,69.0
plane,220,73.0104834012813,46.0
plank,407,155.1875364006989,87.0
plant,275,93.81654047757716,67.0
plate,193,68.99534071054164,46.0
plaza,1030,480.46709376820036,259.0
plead,265,108.30110658124636,64.0
pleat,199,82.64123471170646,55.0
plied,313,111.40069889341875,76.0
plier,210,78.73209085614444,64.0
pluck,593,257.40186371578335,118.0
plumb,613,272.4385556202679,103.0
plume,353,137.66278392545138,82.0
plump,840,412.27315084449623,259.0
plunk,513,216.43389633080955,167.0
plush,474,180.84507862550961,100.0
poesy,308,118.84507862550961,64.0
point,366,119.0768782760629,75.0
poise,216,80.01805474665113,64.0
poker,299,123.0442632498544,87.0
polar,225,85.70005824111823,71.0
polka,362,155.4834012813046,119.0
polyp,679,316.32382061735586,215.0
pooch,999,461.0145602795574,165.0
poppy,986,558.4985439720442,270.0
porch,437,166.20209668025626,68.0
poser,221,85.92719860221317,63.0
posit,347,119.24461269656378,80.0
posse,500,208.49039021549214,173.0
pouch,537,213.19103086779265,100.0
pound,499,186.407105416424,90.0
pouty,440,167.49039021549214,107.0
power,327,130.88118811881188,88.0
prank,342,131.90972626674431,85.0
prawn,338,131.05824111822946,89.0
preen,653,238.48223645894,165.0
press,543,218.0669772859639,152.0
price,250,87.06406523005242,67.0
prick,455,183.4507862550961,95.0
pride,280,98.48864298194525,101.0
pried,280,103.08619685497962,74.0
prime,274,99.69772859638906,96.0
primo,366,140.19510774606871,98.0
print,307,104.43389633080955,51.0
prior,683,256.7926616191031,185.0
prism,364,137.0547466511357,92.0
privy,450,185.87944088526498,127.0
prize,325,130.341875364007,129.0
probe,315,110.23820617355854,70.0
prone,235,78.88701223063482,58.0
prong,409,152.43389633080955,83.0
proof,849,379.52941176470586,177.0
prose,221,78.59464181712289,55.0
proud,428,156.79848573092605,69.0
prove,338,125.19219569015725,126.0
prowl,371,149.77227722772278,115.0
proxy,511,218.51426907396623,135.0
prude,338,118.11357018054747,78.0
prune,271,91.87711124053583,67.0
psalm,389,148.4280722189866,78.0
pubic,532,228.84507862550961,154.0
pudgy,680,309.065230052417,109.0
puffy,944,516.6511357018055,197.0
pulpy,778,375.86255096097847,284.0
pulse,288,105.97379149679674,50.0
punch,556,227.40768782760628,91.0
pupil,654,289.24694234129294,212.0
puppy,1105,665.4274898078044,1105.0
puree,736,262.7140361094933,108.0
purer,591,242.82877111240535,152.0
purge,335,125.88875946418172,115.0
purse,271,97.29120559114735,86.0
pushy,570,240.26616191030868,146.0
putty,944,432.9749563191613,197.0
pygmy,1094,619.0227140361095,1094.0
quack,575,279.9353523587653,305.0
quail,314,144.20326150262085,128.0
quake,295,158.93826441467675,127.0
qualm,491,210.5946418171229,123.0
quark,426,200.3709959231217,226.0
quart,323,132.15899825276645,94.0
quash,436,195.09318578916717,135.0
quasi,291,154.34420500873617,111.0
queen,1029,430.98194525334884,245.0
queer,869,362.55503785672687,315.0
quell,700,363.83284799068144,544.0
query,324,162.47466511357018,148.0
quest,351,162.78683750728013,93.0
queue,1694,872.317996505533,642.0
quick,689,335.56959813628424,205.0
quiet,306,130.92079207920793,75.0
quill,937,442.8811881188119,215.0
quilt,456,178.7472335468841,120.0
quirk,502,234.55503785672684,174.0
quite,306,132.0681421083285,97.0
quota,343,168.37682003494467,107.0
quote,291,132.2195690157251,97.0
quoth,576,250.1228887594642,166.0
rabbi,399,202.38089691322074,228.0
rabid,288,120.64123471170646,102.0
racer,423,160.92661619103086,115.0
radar,1440,600.8130460104834,374.0
radii,549,214.79382644146767,176.0
radio,182,89.08503203261503,90.0
rainy,199,81.78276062900407,59.0
raise,113,45.1654047757717,36.0
rajah,892,404.316249271986,237.0
rally,508,208.23529411764707,147.0
ralph,265,108.40244612696564,87.0
ramen,210,75.92253931275481,60.0
ranch,296,108.46767617938265,74.0
randy,289,113.66161910308678,86.0
range,229,76.71112405358183,63.0
rapid,267,110.6820034944671,107.0
rarer,535,235.31333721607456,170.0
raspy,289,114.30809551543389,87.0
ratio,151,69.99126383226557,75.0
ratty,508,205.32906231799652,142.0
raven,258,93.44146767617939,76.0
rayon,219,86.65171811298777,83.0
razor,671,298.4135119394292,211.0
reach,238,85.23645894001164,47.0
react,202,62.51310425160163,34.0
ready,212,85.25160163075131,76.0
realm,212,73.87245195107747,47.0
rearm,454,188.30285381479325,130.0
rebar,467,207.09027373325569,134.0
rebel,637,253.80663948747815,196.0
rebus,269,110.5608619685498,87.0
rebut,290,107.86429819452533,87.0
recap,242,90.81945253348864,61.0
recur,557,234.9126383226558,157.0
recut,256,90.69947582993593,65.0
reedy,750,293.35468841001745,170.0
refer,1566,712.3115899825277,472.0
refit,257,97.82352941176471,72.0
regal,210,82.01223063482819,73.0
rehab,241,102.95340710541642,86.0
reign,254,97.61153174140944,77.0
relax,248,103.72102504368084,87.0
relay,168,73.19452533488644,69.0
relic,196,78.10425160163075,60.0
remit,220,83.75596971461852,58.0
renal,169,61.2970297029703,53.0
renew,727,287.8159580663949,211.0
repay,205,91.4403028538148,95.0
repel,593,233.27023878858475,161.0
reply,246,105.43680838672103,99.0
rerun,512,204.83284799068142,143.0
reset,536,179.84507862550961,83.0
resin,163,67.06173558532323,59.0
retch,301,108.47699475829936,57.0
retro,422,174.3296447291788,127.0
retry,457,206.64298194525335,163.0
reuse,593,199.62783925451367,113.0
revel,665,286.3779848573093,188.0
revue,806,326.7029702970297,197.0
rhino,295,109.41584158415841,68.0
rhyme,279,120.92778101339546,140.0
rider,532,214.9470005824112,169.0
ridge,298,112.5270821199767,112.0
rifle,237,90.0984274898078,91.0
right,359,140.98136284216656,88.0
rigid,803,367.8456610366919,388.0
rigor,719,284.24286546301687,239.0
rinse,163,60.64239953407105,44.0
ripen,227,89.00232964472917,72.0
riper,517,211.79790331974374,166.0
risen,163,65.64181712288875,68.0
riser,410,157.45253348864298,151.0
risky,327,147.64997087944087,143.0
rival,246,114.23704135119394,109.0
river,605,261.47990681421084,192.0
rivet,280,101.26441467676179,62.0
roach,288,102.42457775189284,63.0
roast,199,63.38555620267909,44.0
robin,325,123.04659289458358,74.0
robot,679,284.96156086196856,192.0
rocky,427,177.21199767035526,116.0
rodeo,555,213.84391380314503,100.0
roger,528,219.38730343622598,137.0
rogue,258,96.9126383226558,79.0
roomy,749,341.7239370995923,185.0
roost,536,200.306348281887,86.0
rotor,1243,532.924868957484,390.0
rouge,258,94.38031450203844,78.0
rough,411,159.10832847990682,79.0
round,369,131.12580081537567,65.0
rouse,187,67.56843331391963,57.0
route,202,67.8351776354106,61.0
rover,583,261.3954571927781,174.0
rowdy,496,207.4391380314502,123.0
rower,556,247.85439720442633,137.0
royal,199,85.03727431566686,81.0
ruddy,670,330.9807804309843,380.0
ruder,592,244.0,165.0
rugby,508,230.30227140361094,141.0
ruler,497,182.834012813046,123.0
rumba,366,171.34478741991848,138.0
rumor,843,346.10716365754223,267.0
rupee,736,268.8008153756552,112.0
rural,555,209.4612696563774,128.0
rusty,301,121.97146185206756,106.0
sadly,318,110.120559114735,82.0
safer,218,73.38788584740827,63.0
saint,251,75.15958066394874,38.0
salad,652,236.165987186954,142.0
sally,579,222.8578916715201,141.0
salon,230,74.00174723354688,58.0
salsa,1232,499.8561444379732,220.0
salty,268,90.82644146767618,81.0
salve,251,85.83168316831683,57.0
salvo,303,114.6924868957484,91.0
sandy,324,114.81013395457192,83.0
saner,166,51.415841584158414,38.0
sappy,579,256.4507862550961,164.0
sassy,842,402.47582993593477,396.0
satin,251,78.6144437973209,46.0
satyr,217,75.35527082119977,73.0
sauce,186,70.44437973209085,40.0
saucy,313,113.98776936517181,82.0
sauna,726,244.3296447291788,132.0
saute,163,62.2521840419336,44.0
savor,275,97.44379732090856,87.0
savoy,334,133.41234711706466,98.0
savvy,579,270.45136866627837,164.0
scald,287,101.3401281304601,86.0
scale,190,64.26965637740244,38.0
scalp,347,119.91788002329645,84.0
scaly,300,104.5282469423413,92.0
scamp,440,171.70937682003495,103.0
scant,283,90.95690157251019,63.0
scare,186,61.25393127548049,40.0
scarf,307,118.67268491555038,82.0
scary,237,95.43797320908561,88.0
scene,702,238.7606290040769,148.0
scent,234,91.0873616773442,59.0
scion,328,110.12288875946417,80.0
scoff,683,317.36517181129875,188.0
scold,318,118.11822947000583,95.0
scone,204,80.16831683168317,55.0
scoop,849,365.266744321491,193.0
scope,245,103.88293535235877,85.0
score,196,71.02795573675014,71.0
scorn,278,101.00349446709377,76.0
scour,311,108.7914967967385,83.0
scout,385,130.36517181129878,84.0
scowl,394,153.03610949330226,120.0
scram,295,111.18986604542808,84.0
scrap,302,111.67792661619103,81.0
scree,587,198.8479906814211,110.0
screw,295,109.58707047175305,91.0
scrub,391,158.42457775189283,113.0
scrum,390,158.1228887594642,108.0
scuba,362,156.0203843913803,88.0
sedan,203,74.62842166569598,47.0
seedy,802,292.44437973209085,173.0
segue,839,296.2970297029703,173.0
seize,848,308.96097845078623,190.0
semen,772,263.40885264997087,154.0
sense,1297,484.944670937682,241.0
sepia,172,81.88410017472336,78.0
serif,215,86.15084449621433,69.0
serum,258,99.06523005241701,79.0
serve,694,263.2504368083867,151.0
setup,303,116.46418171228888,66.0
seven,836,310.3325567850903,204.0
sever,694,263.2847990681421,209.0
sewer,694,253.69015725101923,131.0
shack,476,192.99534071054165,85.0
shade,207,81.527664531159,58.0
shady,352,136.51776354106,92.0
shaft,410,152.7251019219569,80.0
shake,252,107.90739662201514,65.0
shaky,435,177.78509027373326,111.0
shale,182,67.94234129295282,46.0
shall,616,233.41351193942924,118.0
shalt,304,97.00465928945836,48.0
shame,229,94.33605125218403,58.0
shank,422,158.94292370413513,81.0
shape,236,95.86313337216075,55.0
shard,256,100.93593476994758,72.0
share,181,65.10716365754223,46.0
shark,328,135.61968549796157,86.0
sharp,304,119.08503203261503,79.0
shave,268,109.12347117064648,86.0
shawl,385,143.41118229470007,85.0
shear,181,69.73966220151426,67.0
sheen,762,262.4175888177053,144.0
sheep,918,349.08910891089107,163.0
sheer,624,218.8474082702388,108.0
sheet,798,273.1770529994176,149.0
sheik,325,142.47466511357018,83.0
shelf,311,133.67676179382644,93.0
shell,532,227.72335468841,118.0
shied,259,98.6272568433314,56.0
shift,503,188.1112405358183,72.0
shine,234,86.23238206173559,50.0
shiny,401,141.21316249271987,107.0
shire,191,72.67967384973791,47.0
shirk,369,150.73325567850904,76.0
shirt,307,108.79499126383226,51.0
shoal,258,93.40302853814794,58.0
shock,557,228.59580663948748,123.0
shone,220,86.60745486313337,50.0
shook,969,444.3820617355853,192.0
shoot,798,314.18112987769365,153.0
shore,214,76.62958648806057,42.0
shorn,295,109.88875946418172,66.0
short,319,111.28654630168899,53.0
shout,435,149.9132207338381,67.0
shove,303,131.20384391380315,101.0
shown,512,200.3733255678509,115.0
showy,534,219.23412929528246,135.0
shrew,318,121.3843913803145,91.0
shrub,412,171.28771112405357,93.0
shrug,395,163.16191030867793,93.0
shuck,637,277.23762376237624,126.0
shunt,447,156.2533488642982,87.0
shush,1367,735.0401863715783,236.0
shyly,694,305.78509027373326,174.0
siege,739,251.36750145602795,135.0
sieve,802,293.31217239370994,208.0
sight,457,163.9132207338381,74.0
sigma,338,145.80955154338963,77.0
silky,415,160.1089108910891,111.0
silly,676,262.67734420500875,187.0
since,219,77.2958648806057,51.0
sinew,271,103.99475829935935,62.0
singe,260,97.49854397204426,58.0
siren,163,59.54397204426325,43.0
sissy,983,482.6045428072219,298.0
sixth,555,226.92661619103086,115.0
sixty,482,195.64880605707629,135.0
skate,231,84.98485730926033,48.0
skier,214,87.05824111822947,69.0
skiff,793,405.25742574257424,231.0
skill,793,327.7664531158998,179.0
skimp,586,251.89691322073384,121.0
skirt,321,119.03494467093768,70.0
skulk,668,313.824111822947,178.0
skull,914,399.25509609784507,197.0
skunk,726,347.6412347117065,179.0
slack,383,138.7262667443215,90.0
slain,235,74.58998252766453,58.0
slang,319,106.29877693651719,68.0
slant,233,72.95806639487478,52.0
slash,628,232.82003494467094,113.0
slate,163,53.264414676761795,35.0
sleek,787,293.26033779848575,157.0
sleep,738,260.0867792661619,141.0
sleet,586,184.76645311589982,109.0
slept,250,95.30867792661618,59.0
slice,219,71.18520675596972,39.0
slick,420,154.3861386138614,103.0
slide,231,76.81246359930111,43.0
slime,235,81.88177052999417,49.0
slimy,382,136.74024461269656,100.0
sling,362,125.80838672102504,93.0
slink,387,139.52067559697147,105.0
sloop,738,292.64589400116483,166.0
slope,220,84.20792079207921,50.0
slosh,691,267.4839836924869,130.0
sloth,335,112.49097262667443,70.0
slump,500,197.32149097262666,88.0
slung,406,149.38089691322074,94.0
slunk,426,163.4834012813046,97.0
slurp,297,123.50902737332557,65.0
slush,777,319.7355853232382,162.0
slyly,1236,593.7996505532906,286.0
smack,473,191.44845661036692,90.0
small,645,250.84333139196272,129.0
smart,262,92.05299941758882,50.0
smash,757,325.7920792079208,151.0
smear,199,74.95107746068724,68.0
smell,548,239.52184041933606,122.0
smelt,237,92.17064647641234,61.0
smile,235,83.06988934187537,53.0
smirk,366,154.557367501456,112.0
smite,235,86.91962725684333,63.0
smith,462,168.16132789749562,89.0
smock,545,223.8479906814211,103.0
smoke,290,130.71927781013395,82.0
smoky,543,227.1642399534071,126.0
smote,228,88.40477577169482,69.0
snack,406,151.14094350611532,86.0
snail,235,75.73150844496215,57.0
snake,243,90.78916715200931,60.0
snaky,395,150.71694816540477,98.0
snare,166,53.40535818287711,40.0
snarl,179,69.31217239370996,57.0
sneak,243,107.38206173558532,64.0
sneer,512,177.6715200931858,120.0
snide,242,87.54630168899243,48.0
sniff,649,291.17763541059986,170.0
snipe,245,94.407105416424,56.0
snoop,786,326.9994175888177,158.0
snore,175,63.06523005241701,44.0
snort,247,84.93709959231217,53.0
snout,360,117.72917880023296,85.0
snowy,459,178.28945835760047,128.0
snuck,535,218.11357018054747,103.0
snuff,726,342.43389633080955,179.0
soapy,310,112.69365171811299,82.0
sober,236,86.35934769947583,54.0
soggy,687,302.55736750145604,190.0
solar,172,61.34478741991846,46.0
solid,286,100.20792079207921,73.0
solve,254,98.5923121723937,78.0
sonar,200,65.99009900990099,43.0
sonic,328,109.64997087944089,81.0
sooth,798,317.1217239370996,146.0
sooty,708,275.7262667443215,164.0
sorry,687,250.54804892253932,190.0
sound,400,135.31450203843914,82.0
south,435,149.83168316831683,82.0
sower,252,95.44612696563775,67.0
space,236,86.76820034944672,46.0
spade,237,88.33605125218403,59.0
spank,433,167.45894001164822,82.0
spare,203,69.6814210832848,46.0
spark,357,143.94234129295282,84.0
spasm,781,346.3092603377985,171.0
spawn,413,159.99242865463017,84.0
speak,281,135.07338380896914,132.0
spear,203,75.9994175888177,68.0
speck,403,189.18287711124054,79.0
speed,848,322.6167734420501,170.0
spell,563,244.13977868375073,124.0
spelt,250,95.10599883517763,59.0
spend,301,124.80780430984275,75.0
spent,264,104.68782760629004,61.0
sperm,299,124.93593476994758,105.0
spice,264,100.86488060570763,54.0
spicy,451,165.748980780431,86.0
spied,281,107.09668025626092,62.0
spiel,247,85.66744321490972,51.0
spike,315,132.33954571927782,77.0
spiky,541,224.06231799650553,109.0
spill,760,297.42166569598135,166.0
spilt,360,118.8788584740827,56.0
spine,245,92.63424577751893,55.0
spiny,431,154.87186953989516,100.0
spire,204,77.54047757716948,55.0
spite,255,91.34129295282469,68.0
splat,299,104.16715200931858,63.0
split,360,121.66977285963891,65.0
spoil,313,111.26674432149098,71.0
spoke,296,132.2393709959231,77.0
spoof,958,440.426907396622,207.0
spook,1000,467.53057658707047,179.0
spool,738,293.49039021549214,166.0
spoon,786,325.1094933022714,158.0
spore,221,80.92195690157251,88.0
sport,311,108.97204426324986,59.0
spout,426,149.77460687245195,87.0
spray,289,112.64472917880023,87.0
spree,658,229.4304018637158,117.0
sprig,351,138.01456027955737,79.0
spunk,590,246.54804892253932,104.0
spurn,348,135.3506115317414,67.0
spurt,370,136.21490972626674,56.0
squad,408,190.80663948747815,108.0
squat,390,165.48107163657542,100.0
squib,561,255.3948747815958,171.0
stack,386,146.63657542224811,78.0
staff,539,237.75946418171227,198.0
stage,207,76.29877693651719,56.0
staid,259,93.01514269073967,71.0
stain,251,81.9563191613279,57.0
stair,189,64.1648223645894,46.0
stake,231,88.31042516016308,65.0
stale,163,55.92952824694234,38.0
stalk,332,119.80838672102504,69.0
stall,539,192.55503785672684,125.0
stamp,394,149.27023878858475,78.0
stand,271,94.19277810133954,72.0
stank,356,129.37740244612698,70.0
stare,171,54.09493302271404,39.0
stark,290,110.92778101339546,71.0
start,447,170.89400116482236,102.0
stash,643,259.17006406523006,131.0
state,366,137.1450203843914,102.0
stave,248,90.82061735585323,68.0
stead,189,79.86080372743157,60.0
steak,233,105.02446126965637,74.0
steal,166,67.37507280139779,57.0
steam,213,91.09784507862551,62.0
steed,691,248.07338380896914,149.0
steel,586,197.59114735002913,112.0
steep,785,287.26965637740244,147.0
steer,536,181.85905649388468,97.0
stein,218,82.19277810133954,55.0
stern,188,72.10658124635994,51.0
stick,456,171.9656377402446,88.0
stiff,646,290.5393127548049,165.0
still,646,230.9895165987187,147.0
stilt,590,218.10308677926616,166.0
sting,391,140.69714618520675,96.0
stink,427,157.5742574257426,91.0
stint,649,243.77460687245195,145.0
stock,445,171.54164239953408,99.0
stoic,316,108.90914385556202,81.0
stoke,242,101.81654047757716,83.0
stole,167,63.50203843913803,45.0
stomp,460,179.23995340710542,99.0
stone,192,71.2527664531159,53.0
stony,343,118.52941176470588,88.0
stood,691,281.7612114152592,149.0
stool,586,222.66802562609203,146.0
stoop,785,326.5282469423413,177.0
store,185,63.298194525334885,44.0
stork,331,128.18345952242282,86.0
storm,304,115.84915550378567,65.0
story,270,100.72976121141527,90.0
stout,683,271.4472917880023,175.0
stove,264,107.81071636575422,83.0
strap,267,97.85381479324403,62.0
straw,279,107.69073966220151,82.0
stray,217,85.14560279557368,79.0
strip,312,113.64181712288875,62.0
strut,593,242.3535235876529,168.0
stuck,532,216.5725101921957,105.0
study,441,170.48631333721607,114.0
stuff,735,352.63016889924285,250.0
stump,544,224.3628421665696,87.0
stung,441,169.22131624927198,114.0
stunk,476,188.19044845661037,93.0
stunt,726,288.36633663366337,179.0
style,205,79.9563191613279,70.0
suave,222,95.15259172976121,69.0
sugar,257,97.48107163657542,61.0
suing,438,156.8136284216657,85.0
suite,208,76.66336633663366,50.0
sulky,484,195.29120559114736,116.0
sully,783,318.3086779266162,204.0
sumac,375,147.67792661619103,65.0
sunny,783,325.12288875946416,177.0
super,271,98.3640069889342,65.0
surer,486,178.38963308095515,87.0
surge,252,93.15259172976121,52.0
surly,245,108.88701223063482,53.0
sushi,776,351.40011648223646,155.0
swami,343,153.85381479324403,100.0
swamp,495,208.1217239370996,90.0
swarm,338,138.58066394874783,84.0
swash,788,357.0209668025626,165.0
swath,417,159.26674432149096,82.0
swear,221,84.41525917297612,67.0
sweat,225,96.62609202096681,57.0
sweep,978,401.5393127548049,197.0
sweet,822,300.34536983110075,172.0
swell,594,268.1059988351776,137.0
swept,352,152.98718695398952,75.0
swift,521,206.2545136866628,123.0
swill,785,323.09435061153175,196.0
swine,271,102.53523587652883,52.0
swing,507,201.84682585905648,116.0
swirl,258,112.66103669190448,79.0
swish,933,429.53465346534654,242.0
swoon,832,365.97087944088526,194.0
swoop,978,460.34595224228303,197.0
sword,401,156.72743156668608,122.0
swore,252,92.76121141525917,95.0
sworn,340,133.59638905066979,94.0
swung,566,235.9213744903902,107.0
synod,397,143.9982527664531,105.0
syrup,390,159.79207920792078,110.0
tabby,581,265.7047175305766,197.0
table,213,75.39254513686663,59.0
taboo,660,262.5655212580082,191.0
tacit,541,216.41351193942924,157.0
tacky,400,162.71694816540477,123.0
taffy,581,274.98311007571345,197.0
taint,514,189.7781013395457,111.0
taken,225,86.36866627839254,69.0
taker,219,77.4391380314502,67.0
tally,581,229.28829353523588,154.0
talon,221,75.64997087944089,66.0
tamer,209,70.86488060570763,55.0
tango,310,114.61910308677926,67.0
tangy,357,134.81945253348863,106.0
taper,207,69.25626092020967,57.0
tapir,236,83.18520675596972,54.0
tardy,269,101.51485148514851,84.0
tarot,433,159.1316249271986,115.0
taste,366,135.9231217239371,88.0
tasty,579,232.12754804892253,144.0
tatty,842,404.72160745486315,396.0
taunt,562,215.97029702970298,141.0
tawny,365,141.67792661619103,105.0
teach,240,93.4729178800233,63.0
teary,151,64.12754804892253,58.0
tease,539,158.6156086196855,91.0
teddy,457,237.80256260920208,180.0
teeth,1442,614.5072801397787,520.0
tempo,284,126.99883517763541,97.0
tenet,1297,491.0250436808387,306.0
tenor,201,66.44437973209085,49.0
tense,647,199.5270821199767,95.0
tenth,540,232.0990099009901,127.0
tepee,1048,440.8410017472335,213.0
tepid,293,116.14851485148515,81.0
terra,367,150.26266744321492,116.0
terse,536,174.11357018054747,113.0
testy,473,215.07979033197438,161.0
thank,414,157.83983692486896,114.0
theft,683,349.0116482236459,525.0
their,227,82.97320908561444,57.0
theme,897,343.5847408270239,198.0
there,650,238.29935934769946,151.0
these,798,278.5509609784508,150.0
theta,412,210.4187536400699,190.0
thick,543,223.88642981945253,156.0
thief,319,129.60920209668026,92.0
thigh,770,351.863715783343,178.0
thing,469,177.9132207338381,115.0
think,496,193.442632498544,127.0
third,356,131.48922539312755,63.0
thong,466,176.35002912055913,116.0
thorn,307,113.703552708212,53.0
those,235,89.90972626674431,59.0
three,650,228.88177052999418,105.0
threw,340,128.87303436225974,93.0
throb,394,152.75655212580082,126.0
throw,429,171.53232382061736,132.0
thrum,414,173.9784507862551,93.0
thumb,626,276.6517181129878,103.0
thump,601,257.7722772277228,110.0
thyme,292,132.92661619103086,122.0
tiara,539,178.53290623179964,90.0
tibia,660,284.38031450203846,203.0
tidal,269,98.4292370413512,74.0
tiger,242,85.37740244612696,55.0
tight,889,401.1001747233547,197.0
tilde,240,81.73966220151426,65.0
timer,220,82.94059405940594,58.0
timid,842,382.5882352941176,149.0
tipsy,424,152.03669190448457,95.0
titan,514,206.24519510774607,111.0
tithe,490,205.316249271986,193.0
title,451,158.22714036109494,114.0
toast,477,174.03785672684916,125.0
today,288,118.11473500291206,80.0
toddy,692,308.1234711706465,197.0
token,259,105.30867792661618,82.0
tonal,221,77.98078043098427,66.0
tonga,310,122.14735002912056,74.0
tonic,346,116.93942923704135,81.0
tooth,1442,711.7833430401864,295.0
topaz,387,174.66802562609203,125.0
topic,368,136.73791496796738,112.0
torch,368,133.4612696563774,73.0
torso,536,203.04542807221898,93.0
torus,284,101.35993011065813,65.0
total,486,189.06290040768783,124.0
totem,509,219.41234711706466,177.0
touch,470,174.29994175888177,107.0
tough,477,183.6814210832848,106.0
towel,243,96.12871287128714,85.0
tower,277,101.01980198019803,71.0
toxic,451,188.28829353523588,137.0
toxin,449,175.6033779848573,115.0
trace,202,58.70879440885265,35.0
track,331,118.83692486895748,60.0
tract,540,191.42050087361676,97.0
trade,205,62.270821199767035,42.0
trail,171,60.754222481071636,44.0
train,200,66.29178800232964,50.0
trait,399,152.25684333139196,101.0
tramp,326,115.91671520093186,68.0
trash,262,87.35061153174141,48.0
trawl,256,94.21141525917298,68.0
tread,205,74.13104251601631,52.0
treat,374,141.62434478741991,94.0
trend,245,86.16715200931858,65.0
triad,235,84.99650553290623,60.0
trial,171,63.613861386138616,57.0
tribe,250,80.62958648806057,59.0
trice,215,66.4513686662784,43.0
trick,366,136.8567268491555,74.0
tried,240,78.92428654630169,50.0
tripe,231,74.90914385556202,54.0
trite,398,139.54571927781012,91.0
troll,553,185.62492719860222,150.0
troop,652,259.42283051834596,136.0
trope,237,77.79673849737915,57.0
trout,607,224.18171228887596,156.0
trove,284,96.42224810716365,71.0
truce,256,81.40885264997088,57.0
truck,428,167.46359930110657,90.0
truer,492,182.87361677344205,93.0
truly,239,100.67501456027956,91.0
trump,417,164.05183459522422,99.0
trunk,359,143.07221898660455,132.0
truss,606,231.5812463599301,130.0
trust,593,225.64181712288877,138.0
truth,707,290.2189866045428,156.0
tryst,578,225.5270821199767,171.0
tubal,341,130.09842748980782,94.0
tuber,290,105.17705299941758,73.0
tulip,379,136.57367501456028,66.0
tulle,492,185.54455445544554,132.0
tumor,343,125.60803727431566,64.0
tunic,388,139.2085032032615,116.0
turbo,367,142.74956319161328,80.0
tutor,607,227.94816540477578,156.0
twang,422,165.4834012813046,105.0
tweak,277,143.24577751892835,138.0
tweed,914,376.9033197437391,316.0
tweet,1569,711.3698311007571,599.0
twice,296,109.87711124053583,76.0
twine,294,105.61386138613861,77.0
twirl,279,117.41933605125219,81.0
twist,785,336.76761793826444,223.0
twixt,1114,595.264997087944,265.0
tying,438,167.42283051834596,112.0
udder,476,215.7827606290041,165.0
ulcer,239,86.74606872451952,71.0
ultra,191,83.48689574839837,92.0
umbra,366,175.15958066394876,132.0
uncle,265,97.73733255678509,78.0
uncut,696,310.34595224228303,218.0
under,281,107.78276062900407,95.0
undid,722,340.33139196272566,224.0
undue,582,249.35410599883517,188.0
unfed,378,164.0238788584741,134.0
unfit,468,184.65404775771694,140.0
unify,512,213.12813046010484,134.0
union,588,257.37856726849157,210.0
unite,218,84.07513104251602,73.0
unity,386,141.19336051252185,107.0
unlit,314,112.60163075131042,101.0
unmet,270,111.94583576004659,93.0
unset,232,87.99242865463017,75.0
untie,218,85.5719277810134,67.0
until,314,115.33313919627257,101.0
unwed,386,168.50844496214327,125.0
unzip,593,276.94059405940595,184.0
upper,476,215.442632498544,165.0
upset,303,114.72626674432149,84.0
urban,288,117.70122306348281,94.0
urine,189,70.54222481071636,45.0
usage,208,93.97029702970298,61.0
usher,253,101.26092020966803,79.0
using,438,176.3640069889342,121.0
usual,528,224.53407105416423,171.0
usurp,658,319.25684333139196,281.0
utile,205,75.30518345952242,69.0
utter,476,190.56552125800815,135.0
vague,271,134.0774606872452,116.0
valet,239,87.00931857891672,69.0
valid,389,153.67559697146186,110.0
valor,267,102.42574257425743,95.0
value,237,98.84041933605126,92.0
valve,393,172.79906814210833,145.0
vapid,424,189.49621432731507,195.0
vapor,340,134.6703552708212,110.0
vault,344,125.64181712288875,95.0
vaunt,349,132.95107746068726,99.0
vegan,338,149.05940594059405,99.0
venom,341,162.59114735002913,112.0
venue,950,372.96330809551546,207.0
verge,887,377.85032032615027,174.0
verse,694,267.7705299941759,151.0
verso,255,102.07163657542225,96.0
verve,1112,541.0931857891671,352.0
vicar,308,125.15725101921957,96.0
video,301,145.10599883517764,143.0
vigil,996,495.29178800232967,308.0
vigor,419,171.35876528829354,157.0
villa,633,320.6039603960396,229.0
vinyl,473,190.01572510192196,136.0
viola,267,122.63075131042515,106.0
viper,322,134.4082702387886,101.0
viral,246,107.32847990681421,109.0
virus,343,145.29819452533488,100.0
visit,824,363.34711706464765,213.0
visor,298,118.95806639487478,126.0
vista,314,133.97029702970298,85.0
vital,320,125.35410599883518,104.0
vivid,1440,880.808386721025,1440.0
vixen,448,211.0116482236459,137.0
vocal,359,148.64239953407105,92.0
vodka,465,234.90331974373908,144.0
vogue,352,167.76528829353524,132.0
voice,260,113.47524752475248,91.0
voila,267,121.36691904484566,106.0
vomit,456,182.95923121723936,129.0
voter,284,105.03960396039604,75.0
vouch,604,259.4507862550961,134.0
vowel,363,160.58998252766452,133.0
vying,617,274.72859638905067,129.0
wacky,541,245.58357600465928,137.0
wafer,304,118.68433313919627,96.0
wager,283,106.82527664531159,91.0
wagon,414,171.37157833430402,125.0
waist,302,104.60046592894584,66.0
waive,272,117.94001164822365,104.0
waltz,464,198.13803145020384,158.0
warty,298,120.41642399534071,107.0
waste,225,82.73907979033197,62.0
watch,461,183.74315666860804,109.0
water,232,80.50029120559115,67.0
waver,331,130.80780430984274,98.0
waxen,359,157.9656377402446,134.0
weary,224,95.61036691904485,95.0
weave,884,364.2853814793244,197.0
wedge,1142,513.8980780430984,212.0
weedy,1084,473.4403028538148,418.0
weigh,380,173.34362259755386,120.0
weird,325,126.69831100757135,116.0
welch,377,159.17122888759465,104.0
welsh,314,130.2393709959231,102.0
whack,594,277.93185789167154,291.0
whale,253,101.71170646476412,65.0
wharf,433,194.47815958066394,236.0
wheat,267,126.64239953407106,62.0
wheel,911,368.35934769947585,249.0
whelp,383,178.14618520675597,105.0
where,843,350.5334886429819,204.0
which,888,451.42341292952824,223.0
whiff,933,521.430984274898,242.0
while,306,117.83284799068142,82.0
whine,328,131.23645894001166,71.0
whiny,536,220.6924868957484,121.0
whirl,333,147.3622597553873,108.0
whisk,602,267.1129877693652,158.0
white,311,125.11881188118812,107.0
whole,285,117.54164239953407,106.0
whoop,1109,570.5649388468258,221.0
whose,299,131.58823529411765,116.0
widen,376,153.56377402446128,95.0
wider,325,131.72568433313918,102.0
widow,708,353.2981945253349,272.0
width,548,229.7711124053582,148.0
wield,350,144.4408852649971,95.0
wight,561,239.4927198602213,153.0
willy,889,413.43739079790333,225.0
wimpy,645,300.2615026208503,153.0
wince,322,122.70995923121724,67.0
winch,567,234.36983110075712,111.0
windy,591,251.88642981945253,139.0
wiser,224,93.13628421665696,77.0
wispy,531,229.84216656959813,181.0
witch,533,220.75538730343624,159.0
witty,889,409.8013977868375,226.0
woken,353,165.75480489225393,119.0
woman,397,172.20326150262085,117.0
women,325,148.40361094933021,122.0
woody,1084,547.5981362842167,205.0
wooer,599,246.38147932440302,146.0
wooly,903,408.42516016307513,193.0
woozy,1252,717.4327315084449,1252.0
wordy,496,204.3861386138614,123.0
world,376,149.46243447874198,97.0
worry,904,394.03086779266164,241.0
worse,252,91.7909143855562,75.0
worst,348,123.82236458940011,65.0
worth,429,166.81828771112404,97.0
would,466,185.14560279557367,119.0
wound,541,215.31333721607456,119.0
woven,389,180.18229470005824,121.0
wrack,438,179.39138031450204,87.0
wrath,345,127.81421083284799,77.0
wreak,296,129.7140361094933,117.0
wreck,421,182.57833430401863,172.0
wrest,270,99.97728596389051,82.0
wring,448,181.9458357600466,104.0
wrist,327,114.1869539895166,76.0
write,261,87.19569015725102,62.0
wrong,464,184.44903902154923,107.0
wrote,277,92.53407105416424,70.0
wrung,493,205.47990681421084,97.0
wryly,648,308.4047757716948,276.0
yacht,385,146.93709959231217,89.0
yearn,165,68.48165404775771,55.0
yeast,187,69.4845661036692,58.0
yield,279,119.83284799068142,95.0
young,513,202.6715200931858,103.0
youth,444,170.2393709959231,132.0
zebra,322,147.41467676179383,135.0
zesty,313,156.13453698311008,125.0
zonal,343,143.1654047757717,95.0
